"U:0","U:1","U:2","k","nut","omega","p","vtkValidPointMask","arc_length","Points:0","Points:1","Points:2"
0,0.0075877,0,2.215e-07,1.6661e-05,0.00661,1.93e-06,1,0,0,0,0
-2.6131e-08,0.0075873,-2.5798e-08,2.2152e-07,1.6607e-05,0.0066118,1.9255e-06,1,0.0002,0,0.0002,0
-1.396e-08,0.0075869,-5.7906e-08,2.2153e-07,1.6504e-05,0.0066136,1.9209e-06,1,0.0004,0,0.0004,0
-1.7896e-09,0.0075865,-9.0014e-08,2.2154e-07,1.6402e-05,0.0066154,1.9163e-06,1,0.0006,0,0.0006,0
1.0381e-08,0.0075861,-1.2212e-07,2.2156e-07,1.6299e-05,0.0066172,1.9117e-06,1,0.0008,0,0.0008,0
2.2551e-08,0.0075856,-1.5423e-07,2.2157e-07,1.6196e-05,0.006619,1.9071e-06,1,0.001,0,0.001,0
3.4722e-08,0.0075852,-1.8634e-07,2.2159e-07,1.6093e-05,0.0066207,1.9025e-06,1,0.0012,0,0.0012,0
4.6892e-08,0.0075848,-2.1845e-07,2.216e-07,1.599e-05,0.0066225,1.8979e-06,1,0.0014,0,0.0014,0
5.9063e-08,0.0075844,-2.5055e-07,2.2162e-07,1.5887e-05,0.0066243,1.8932e-06,1,0.0016,0,0.0016,0
7.1233e-08,0.0075839,-2.8266e-07,2.2163e-07,1.5784e-05,0.0066261,1.8886e-06,1,0.0018,0,0.0018,0
8.3404e-08,0.0075835,-3.1477e-07,2.2165e-07,1.5681e-05,0.0066278,1.884e-06,1,0.002,0,0.002,0
9.5574e-08,0.0075831,-3.4688e-07,2.2166e-07,1.5578e-05,0.0066296,1.8794e-06,1,0.0022,0,0.0022,0
1.0774e-07,0.0075827,-3.7899e-07,2.2168e-07,1.5475e-05,0.0066314,1.8748e-06,1,0.0024,0,0.0024,0
1.1991e-07,0.0075822,-4.1109e-07,2.2169e-07,1.5372e-05,0.0066332,1.8702e-06,1,0.0026,0,0.0026,0
1.3209e-07,0.0075818,-4.432e-07,2.2171e-07,1.5269e-05,0.006635,1.8656e-06,1,0.0028,0,0.0028,0
1.4426e-07,0.0075814,-4.7531e-07,2.2172e-07,1.5166e-05,0.0066367,1.8609e-06,1,0.003,0,0.003,0
1.5643e-07,0.007581,-5.0742e-07,2.2174e-07,1.5063e-05,0.0066385,1.8563e-06,1,0.0032,0,0.0032,0
1.686e-07,0.0075806,-5.3953e-07,2.2175e-07,1.4961e-05,0.0066403,1.8517e-06,1,0.0034,0,0.0034,0
1.8077e-07,0.0075801,-5.7163e-07,2.2177e-07,1.4858e-05,0.0066421,1.8471e-06,1,0.0036,0,0.0036,0
1.9294e-07,0.0075797,-6.0374e-07,2.2178e-07,1.4755e-05,0.0066439,1.8425e-06,1,0.0038,0,0.0038,0
2.0511e-07,0.0075793,-6.3585e-07,2.2179e-07,1.4652e-05,0.0066456,1.8379e-06,1,0.004,0,0.004,0
2.1728e-07,0.0075789,-6.6796e-07,2.2181e-07,1.4549e-05,0.0066474,1.8333e-06,1,0.0042,0,0.0042,0
2.2945e-07,0.0075784,-7.0007e-07,2.2182e-07,1.4446e-05,0.0066492,1.8286e-06,1,0.0044,0,0.0044,0
2.4162e-07,0.007578,-7.3217e-07,2.2184e-07,1.4343e-05,0.006651,1.824e-06,1,0.0046,0,0.0046,0
2.5379e-07,0.0075776,-7.6428e-07,2.2185e-07,1.424e-05,0.0066528,1.8194e-06,1,0.0048,0,0.0048,0
2.6596e-07,0.0075772,-7.9639e-07,2.2187e-07,1.4137e-05,0.0066545,1.8148e-06,1,0.005,0,0.005,0
2.7813e-07,0.0075767,-8.285e-07,2.2188e-07,1.4034e-05,0.0066563,1.8102e-06,1,0.0052,0,0.0052,0
2.801e-07,0.0075762,-7.8886e-07,2.219e-07,1.3974e-05,0.0066586,1.806e-06,1,0.0054,0,0.0054,0
2.8019e-07,0.0075757,-7.3595e-07,2.2192e-07,1.3922e-05,0.0066611,1.802e-06,1,0.0056,0,0.0056,0
2.8027e-07,0.0075752,-6.8304e-07,2.2193e-07,1.3869e-05,0.0066635,1.798e-06,1,0.0058,0,0.0058,0
2.8036e-07,0.0075747,-6.3014e-07,2.2195e-07,1.3817e-05,0.0066659,1.7939e-06,1,0.006,0,0.006,0
2.8777e-07,0.0075744,-5.9491e-07,2.2197e-07,1.3851e-05,0.0066681,1.7902e-06,1,0.0062,0,0.0062,0
3.0799e-07,0.0075743,-5.9059e-07,2.2198e-07,1.4036e-05,0.00667,1.7872e-06,1,0.0064,0,0.0064,0
3.2821e-07,0.0075741,-5.8627e-07,2.22e-07,1.4221e-05,0.0066718,1.7842e-06,1,0.0066,0,0.0066,0
3.4842e-07,0.007574,-5.8195e-07,2.2201e-07,1.4406e-05,0.0066737,1.7812e-06,1,0.0068,0,0.0068,0
3.6864e-07,0.0075739,-5.7763e-07,2.2203e-07,1.4591e-05,0.0066755,1.7781e-06,1,0.007,0,0.007,0
3.8886e-07,0.0075738,-5.733e-07,2.2205e-07,1.4776e-05,0.0066774,1.7751e-06,1,0.0072,0,0.0072,0
4.0908e-07,0.0075737,-5.6898e-07,2.2206e-07,1.4962e-05,0.0066792,1.7721e-06,1,0.0074,0,0.0074,0
4.293e-07,0.0075736,-5.6466e-07,2.2208e-07,1.5147e-05,0.0066811,1.7691e-06,1,0.0076,0,0.0076,0
4.4952e-07,0.0075734,-5.6034e-07,2.2209e-07,1.5332e-05,0.0066829,1.7661e-06,1,0.0078,0,0.0078,0
4.6974e-07,0.0075733,-5.5602e-07,2.2211e-07,1.5517e-05,0.0066848,1.763e-06,1,0.008,0,0.008,0
4.9152e-07,0.0075732,-5.5224e-07,2.2212e-07,1.5691e-05,0.0066867,1.76e-06,1,0.0082,0,0.0082,0
5.2428e-07,0.0075729,-5.5229e-07,2.2214e-07,1.5787e-05,0.006689,1.7566e-06,1,0.0084,0,0.0084,0
5.5705e-07,0.0075726,-5.5234e-07,2.2216e-07,1.5882e-05,0.0066913,1.7533e-06,1,0.0086,0,0.0086,0
5.8982e-07,0.0075723,-5.5238e-07,2.2218e-07,1.5978e-05,0.0066937,1.75e-06,1,0.0088,0,0.0088,0
6.2259e-07,0.0075721,-5.5243e-07,2.2219e-07,1.6073e-05,0.006696,1.7466e-06,1,0.009,0,0.009,0
6.5536e-07,0.0075718,-5.5248e-07,2.2221e-07,1.6169e-05,0.0066983,1.7433e-06,1,0.0092,0,0.0092,0
6.8757e-07,0.0075714,-5.4954e-07,2.2223e-07,1.625e-05,0.0067008,1.74e-06,1,0.0094,0,0.0094,0
7.1753e-07,0.0075709,-5.3434e-07,2.2225e-07,1.6269e-05,0.006704,1.7367e-06,1,0.0096,0,0.0096,0
7.4749e-07,0.0075704,-5.1914e-07,2.2227e-07,1.6289e-05,0.0067073,1.7333e-06,1,0.0098,0,0.0098,0
7.7745e-07,0.0075699,-5.0394e-07,2.2229e-07,1.6308e-05,0.0067105,1.73e-06,1,0.01,0,0.01,0
8.0741e-07,0.0075693,-4.8874e-07,2.2231e-07,1.6328e-05,0.0067137,1.7267e-06,1,0.0102,0,0.0102,0
8.3737e-07,0.0075688,-4.7354e-07,2.2233e-07,1.6348e-05,0.006717,1.7234e-06,1,0.0104,0,0.0104,0
8.6733e-07,0.0075683,-4.5834e-07,2.2235e-07,1.6367e-05,0.0067202,1.7201e-06,1,0.0106,0,0.0106,0
8.9728e-07,0.0075677,-4.4313e-07,2.2237e-07,1.6387e-05,0.0067234,1.7167e-06,1,0.0108,0,0.0108,0
9.2666e-07,0.0075671,-4.2906e-07,2.2239e-07,1.6359e-05,0.006727,1.7132e-06,1,0.011,0,0.011,0
9.5576e-07,0.0075664,-4.1551e-07,2.2242e-07,1.631e-05,0.0067307,1.7096e-06,1,0.0112,0,0.0112,0
9.8485e-07,0.0075657,-4.0195e-07,2.2244e-07,1.626e-05,0.0067345,1.706e-06,1,0.0114,0,0.0114,0
1.014e-06,0.007565,-3.884e-07,2.2246e-07,1.621e-05,0.0067382,1.7024e-06,1,0.0116,0,0.0116,0
1.0431e-06,0.0075643,-3.7485e-07,2.2249e-07,1.6161e-05,0.0067419,1.6988e-06,1,0.0118,0,0.0118,0
1.0722e-06,0.0075637,-3.6129e-07,2.2251e-07,1.6111e-05,0.0067457,1.6952e-06,1,0.012,0,0.012,0
1.075e-06,0.0075631,-3.2679e-07,2.2253e-07,1.6142e-05,0.0067485,1.6923e-06,1,0.0122,0,0.0122,0
1.0337e-06,0.0075629,-2.5699e-07,2.2254e-07,1.6309e-05,0.00675,1.6906e-06,1,0.0124,0,0.0124,0
9.923e-07,0.0075627,-1.8719e-07,2.2255e-07,1.6476e-05,0.0067515,1.6889e-06,1,0.0126,0,0.0126,0
9.5094e-07,0.0075625,-1.1738e-07,2.2257e-07,1.6643e-05,0.006753,1.6872e-06,1,0.0128,0,0.0128,0
9.0958e-07,0.0075622,-4.7583e-08,2.2258e-07,1.681e-05,0.0067545,1.6855e-06,1,0.013,0,0.013,0
8.6822e-07,0.007562,2.222e-08,2.2259e-07,1.6977e-05,0.006756,1.6838e-06,1,0.0132,0,0.0132,0
8.2686e-07,0.0075618,9.2023e-08,2.2261e-07,1.7145e-05,0.0067575,1.6821e-06,1,0.0134,0,0.0134,0
8.2164e-07,0.0075617,1.3024e-07,2.2262e-07,1.7298e-05,0.0067592,1.6803e-06,1,0.0136,0,0.0136,0
8.314e-07,0.0075617,1.5536e-07,2.2264e-07,1.7445e-05,0.0067608,1.6784e-06,1,0.0138,0,0.0138,0
8.4117e-07,0.0075617,1.8048e-07,2.2265e-07,1.7593e-05,0.0067625,1.6766e-06,1,0.014,0,0.014,0
8.5093e-07,0.0075617,2.056e-07,2.2266e-07,1.774e-05,0.0067642,1.6748e-06,1,0.0142,0,0.0142,0
8.6069e-07,0.0075617,2.3072e-07,2.2268e-07,1.7887e-05,0.0067659,1.6729e-06,1,0.0144,0,0.0144,0
8.7046e-07,0.0075617,2.5585e-07,2.2269e-07,1.8035e-05,0.0067676,1.6711e-06,1,0.0146,0,0.0146,0
8.7182e-07,0.0075614,2.855e-07,2.2271e-07,1.8103e-05,0.0067707,1.6689e-06,1,0.0148,0,0.0148,0
8.6535e-07,0.0075607,3.1939e-07,2.2273e-07,1.8098e-05,0.0067752,1.6663e-06,1,0.015,0,0.015,0
8.5887e-07,0.0075601,3.5328e-07,2.2276e-07,1.8093e-05,0.0067797,1.6636e-06,1,0.0152,0,0.0152,0
8.524e-07,0.0075594,3.8716e-07,2.2278e-07,1.8087e-05,0.0067842,1.661e-06,1,0.0154,0,0.0154,0
8.4593e-07,0.0075587,4.2105e-07,2.228e-07,1.8082e-05,0.0067887,1.6584e-06,1,0.0156,0,0.0156,0
8.3945e-07,0.0075581,4.5494e-07,2.2283e-07,1.8077e-05,0.0067931,1.6558e-06,1,0.0158,0,0.0158,0
8.6099e-07,0.0075575,4.9434e-07,2.2285e-07,1.807e-05,0.0067976,1.6532e-06,1,0.016,0,0.016,0
9.895e-07,0.0075571,5.548e-07,2.2287e-07,1.8057e-05,0.006802,1.6507e-06,1,0.0162,0,0.0162,0
1.118e-06,0.0075568,6.1527e-07,2.229e-07,1.8045e-05,0.0068064,1.6482e-06,1,0.0164,0,0.0164,0
1.1157e-06,0.0075569,5.8306e-07,2.2291e-07,1.8218e-05,0.0068075,1.6468e-06,1,0.0166,0,0.0166,0
1.1103e-06,0.0075569,5.4863e-07,2.2292e-07,1.8395e-05,0.0068084,1.6453e-06,1,0.0168,0,0.0168,0
1.1049e-06,0.007557,5.1421e-07,2.2293e-07,1.8572e-05,0.0068094,1.6439e-06,1,0.017,0,0.017,0
1.0995e-06,0.0075571,4.7979e-07,2.2294e-07,1.8749e-05,0.0068103,1.6424e-06,1,0.0172,0,0.0172,0
1.0941e-06,0.0075571,4.4536e-07,2.2295e-07,1.8926e-05,0.0068113,1.641e-06,1,0.0174,0,0.0174,0
1.0961e-06,0.0075571,4.1544e-07,2.2297e-07,1.9047e-05,0.0068132,1.6392e-06,1,0.0176,0,0.0176,0
1.1129e-06,0.0075567,3.9455e-07,2.2299e-07,1.9056e-05,0.006817,1.6368e-06,1,0.0178,0,0.0178,0
1.1297e-06,0.0075564,3.7367e-07,2.2301e-07,1.9065e-05,0.0068208,1.6344e-06,1,0.018,0,0.018,0
1.1465e-06,0.007556,3.5278e-07,2.2303e-07,1.9074e-05,0.0068246,1.6319e-06,1,0.0182,0,0.0182,0
1.1633e-06,0.0075556,3.3189e-07,2.2305e-07,1.9083e-05,0.0068285,1.6295e-06,1,0.0184,0,0.0184,0
1.1801e-06,0.0075553,3.11e-07,2.2307e-07,1.9092e-05,0.0068323,1.6271e-06,1,0.0186,0,0.0186,0
1.1969e-06,0.0075549,2.9011e-07,2.2309e-07,1.9101e-05,0.0068361,1.6247e-06,1,0.0188,0,0.0188,0
1.2137e-06,0.0075546,2.6922e-07,2.2312e-07,1.911e-05,0.0068399,1.6223e-06,1,0.019,0,0.019,0
1.2305e-06,0.0075542,2.4833e-07,2.2314e-07,1.9119e-05,0.0068437,1.6199e-06,1,0.0192,0,0.0192,0
1.2473e-06,0.0075539,2.2745e-07,2.2316e-07,1.9128e-05,0.0068475,1.6174e-06,1,0.0194,0,0.0194,0
1.2641e-06,0.0075535,2.0656e-07,2.2318e-07,1.9137e-05,0.0068514,1.615e-06,1,0.0196,0,0.0196,0
1.2809e-06,0.0075532,1.8567e-07,2.232e-07,1.9146e-05,0.0068552,1.6126e-06,1,0.0198,0,0.0198,0
1.3092e-06,0.0075527,1.6869e-07,2.2323e-07,1.9084e-05,0.0068598,1.61e-06,1,0.02,0,0.02,0
1.3458e-06,0.007552,1.545e-07,2.2325e-07,1.8971e-05,0.0068651,1.6073e-06,1,0.0202,0,0.0202,0
1.3824e-06,0.0075514,1.403e-07,2.2328e-07,1.8858e-05,0.0068703,1.6045e-06,1,0.0204,0,0.0204,0
1.419e-06,0.0075508,1.2611e-07,2.233e-07,1.8746e-05,0.0068755,1.6018e-06,1,0.0206,0,0.0206,0
1.4556e-06,0.0075502,1.1192e-07,2.2333e-07,1.8633e-05,0.0068807,1.599e-06,1,0.0208,0,0.0208,0
1.4921e-06,0.0075496,9.7727e-08,2.2336e-07,1.8521e-05,0.006886,1.5963e-06,1,0.021,0,0.021,0
1.5287e-06,0.007549,8.3535e-08,2.2338e-07,1.8408e-05,0.0068912,1.5935e-06,1,0.0212,0,0.0212,0
1.5653e-06,0.0075484,6.9342e-08,2.2341e-07,1.8295e-05,0.0068964,1.5908e-06,1,0.0214,0,0.0214,0
1.6019e-06,0.0075477,5.515e-08,2.2343e-07,1.8183e-05,0.0069017,1.5881e-06,1,0.0216,0,0.0216,0
1.6385e-06,0.0075471,4.0957e-08,2.2346e-07,1.807e-05,0.0069069,1.5853e-06,1,0.0218,0,0.0218,0
1.6751e-06,0.0075465,2.6765e-08,2.2349e-07,1.7958e-05,0.0069121,1.5826e-06,1,0.022,0,0.022,0
1.6845e-06,0.0075465,-4.5136e-08,2.235e-07,1.8044e-05,0.0069147,1.5803e-06,1,0.0222,0,0.0222,0
1.6912e-06,0.0075465,-1.2266e-07,2.2352e-07,1.8149e-05,0.006917,1.5782e-06,1,0.0224,0,0.0224,0
1.6979e-06,0.0075465,-2.0017e-07,2.2354e-07,1.8254e-05,0.0069193,1.576e-06,1,0.0226,0,0.0226,0
1.7046e-06,0.0075466,-2.7769e-07,2.2355e-07,1.836e-05,0.0069215,1.5738e-06,1,0.0228,0,0.0228,0
1.7129e-06,0.0075465,-3.3667e-07,2.2357e-07,1.8492e-05,0.006924,1.5717e-06,1,0.023,0,0.023,0
1.7245e-06,0.0075463,-3.5635e-07,2.2359e-07,1.8682e-05,0.006927,1.5697e-06,1,0.0232,0,0.0232,0
1.7362e-06,0.0075461,-3.7603e-07,2.2361e-07,1.8872e-05,0.0069299,1.5678e-06,1,0.0234,0,0.0234,0
1.7479e-06,0.0075459,-3.9571e-07,2.2363e-07,1.9061e-05,0.0069328,1.5658e-06,1,0.0236,0,0.0236,0
1.7595e-06,0.0075457,-4.1539e-07,2.2365e-07,1.9251e-05,0.0069358,1.5639e-06,1,0.0238,0,0.0238,0
1.7712e-06,0.0075455,-4.3508e-07,2.2367e-07,1.9441e-05,0.0069387,1.5619e-06,1,0.024,0,0.024,0
1.7828e-06,0.0075453,-4.5476e-07,2.2369e-07,1.9631e-05,0.0069417,1.56e-06,1,0.0242,0,0.0242,0
1.7945e-06,0.0075451,-4.7444e-07,2.2371e-07,1.9821e-05,0.0069446,1.558e-06,1,0.0244,0,0.0244,0
1.8061e-06,0.0075449,-4.9412e-07,2.2373e-07,2.0011e-05,0.0069475,1.5561e-06,1,0.0246,0,0.0246,0
1.8178e-06,0.0075447,-5.138e-07,2.2375e-07,2.0201e-05,0.0069505,1.5541e-06,1,0.0248,0,0.0248,0
1.8295e-06,0.0075445,-5.3348e-07,2.2377e-07,2.039e-05,0.0069534,1.5522e-06,1,0.025,0,0.025,0
1.8411e-06,0.0075443,-5.5316e-07,2.2378e-07,2.058e-05,0.0069563,1.5502e-06,1,0.0252,0,0.0252,0
1.8528e-06,0.0075441,-5.7284e-07,2.238e-07,2.077e-05,0.0069593,1.5483e-06,1,0.0254,0,0.0254,0
1.8644e-06,0.0075439,-5.9253e-07,2.2382e-07,2.096e-05,0.0069622,1.5463e-06,1,0.0256,0,0.0256,0
1.8761e-06,0.0075437,-6.1221e-07,2.2384e-07,2.115e-05,0.0069651,1.5444e-06,1,0.0258,0,0.0258,0
1.8877e-06,0.0075435,-6.3189e-07,2.2386e-07,2.134e-05,0.0069681,1.5424e-06,1,0.026,0,0.026,0
1.9008e-06,0.0075432,-6.4034e-07,2.2388e-07,2.1474e-05,0.0069719,1.5404e-06,1,0.0262,0,0.0262,0
1.9166e-06,0.0075426,-6.2543e-07,2.2391e-07,2.1494e-05,0.0069776,1.5383e-06,1,0.0264,0,0.0264,0
1.9325e-06,0.007542,-6.1052e-07,2.2394e-07,2.1514e-05,0.0069834,1.5361e-06,1,0.0266,0,0.0266,0
1.9484e-06,0.0075414,-5.9561e-07,2.2396e-07,2.1534e-05,0.0069891,1.534e-06,1,0.0268,0,0.0268,0
1.9643e-06,0.0075409,-5.807e-07,2.2399e-07,2.1554e-05,0.0069948,1.5318e-06,1,0.027,0,0.027,0
1.9675e-06,0.0075406,-5.7866e-07,2.2401e-07,2.1675e-05,0.0069981,1.5303e-06,1,0.0272,0,0.0272,0
1.9659e-06,0.0075406,-5.8164e-07,2.2402e-07,2.1836e-05,0.0070004,1.529e-06,1,0.0274,0,0.0274,0
1.9643e-06,0.0075405,-5.8462e-07,2.2404e-07,2.1997e-05,0.0070026,1.5277e-06,1,0.0276,0,0.0276,0
1.9627e-06,0.0075405,-5.876e-07,2.2405e-07,2.2159e-05,0.0070049,1.5264e-06,1,0.0278,0,0.0278,0
1.961e-06,0.0075404,-5.9058e-07,2.2407e-07,2.232e-05,0.0070072,1.5251e-06,1,0.028,0,0.028,0
1.9594e-06,0.0075403,-5.9356e-07,2.2409e-07,2.2481e-05,0.0070095,1.5238e-06,1,0.0282,0,0.0282,0
1.9796e-06,0.00754,-5.686e-07,2.2411e-07,2.2532e-05,0.0070142,1.5221e-06,1,0.0284,0,0.0284,0
1.999e-06,0.0075397,-5.3768e-07,2.2413e-07,2.258e-05,0.0070189,1.5204e-06,1,0.0286,0,0.0286,0
2.0075e-06,0.0075395,-4.943e-07,2.2415e-07,2.2656e-05,0.0070228,1.5186e-06,1,0.0288,0,0.0288,0
2.016e-06,0.0075393,-4.5092e-07,2.2417e-07,2.2731e-05,0.0070266,1.5168e-06,1,0.029,0,0.029,0
2.0246e-06,0.0075391,-4.0754e-07,2.2419e-07,2.2807e-05,0.0070304,1.515e-06,1,0.0292,0,0.0292,0
2.0331e-06,0.0075389,-3.6416e-07,2.2421e-07,2.2882e-05,0.0070342,1.5132e-06,1,0.0294,0,0.0294,0
2.0416e-06,0.0075387,-3.2079e-07,2.2423e-07,2.2958e-05,0.007038,1.5114e-06,1,0.0296,0,0.0296,0
2.0502e-06,0.0075385,-2.7741e-07,2.2425e-07,2.3034e-05,0.0070418,1.5096e-06,1,0.0298,0,0.0298,0
2.0601e-06,0.0075383,-2.3472e-07,2.2427e-07,2.3095e-05,0.0070458,1.5077e-06,1,0.03,0,0.03,0
2.0728e-06,0.0075381,-1.934e-07,2.2429e-07,2.3129e-05,0.0070502,1.5058e-06,1,0.0302,0,0.0302,0
2.0855e-06,0.0075378,-1.5207e-07,2.2432e-07,2.3164e-05,0.0070545,1.5039e-06,1,0.0304,0,0.0304,0
2.0981e-06,0.0075376,-1.1075e-07,2.2434e-07,2.3198e-05,0.0070589,1.502e-06,1,0.0306,0,0.0306,0
2.1108e-06,0.0075374,-6.9425e-08,2.2436e-07,2.3232e-05,0.0070632,1.5001e-06,1,0.0308,0,0.0308,0
2.1235e-06,0.0075371,-2.8101e-08,2.2438e-07,2.3266e-05,0.0070676,1.4982e-06,1,0.031,0,0.031,0
2.1362e-06,0.0075369,1.3222e-08,2.244e-07,2.3301e-05,0.0070719,1.4964e-06,1,0.0312,0,0.0312,0
2.1489e-06,0.0075366,5.4546e-08,2.2442e-07,2.3335e-05,0.0070763,1.4945e-06,1,0.0314,0,0.0314,0
2.1616e-06,0.0075364,9.587e-08,2.2445e-07,2.3369e-05,0.0070806,1.4926e-06,1,0.0316,0,0.0316,0
2.1742e-06,0.0075362,1.3719e-07,2.2447e-07,2.3403e-05,0.007085,1.4907e-06,1,0.0318,0,0.0318,0
2.1869e-06,0.0075359,1.7852e-07,2.2449e-07,2.3437e-05,0.0070893,1.4888e-06,1,0.032,0,0.032,0
2.1996e-06,0.0075357,2.1984e-07,2.2451e-07,2.3472e-05,0.0070937,1.4869e-06,1,0.0322,0,0.0322,0
2.2123e-06,0.0075354,2.6116e-07,2.2453e-07,2.3506e-05,0.007098,1.485e-06,1,0.0324,0,0.0324,0
2.225e-06,0.0075352,3.0249e-07,2.2455e-07,2.354e-05,0.0071024,1.4831e-06,1,0.0326,0,0.0326,0
2.2377e-06,0.0075349,3.4381e-07,2.2458e-07,2.3574e-05,0.0071067,1.4812e-06,1,0.0328,0,0.0328,0
2.2586e-06,0.0075348,3.5667e-07,2.2459e-07,2.3757e-05,0.0071097,1.4792e-06,1,0.033,0,0.033,0
2.2833e-06,0.0075348,3.5638e-07,2.2461e-07,2.4009e-05,0.007112,1.4772e-06,1,0.0332,0,0.0332,0
2.308e-06,0.0075347,3.5609e-07,2.2462e-07,2.4261e-05,0.0071144,1.4751e-06,1,0.0334,0,0.0334,0
2.3362e-06,0.0075346,3.5607e-07,2.2464e-07,2.446e-05,0.0071174,1.473e-06,1,0.0336,0,0.0336,0
2.3725e-06,0.0075344,3.5668e-07,2.2466e-07,2.4534e-05,0.0071219,1.4707e-06,1,0.0338,0,0.0338,0
2.4088e-06,0.0075342,3.5729e-07,2.2468e-07,2.4607e-05,0.0071263,1.4684e-06,1,0.034,0,0.034,0
2.4451e-06,0.0075339,3.5791e-07,2.2471e-07,2.4681e-05,0.0071308,1.4661e-06,1,0.0342,0,0.0342,0
2.4814e-06,0.0075337,3.5852e-07,2.2473e-07,2.4755e-05,0.0071353,1.4638e-06,1,0.0344,0,0.0344,0
2.537e-06,0.0075335,4.0997e-07,2.2475e-07,2.4833e-05,0.0071405,1.4618e-06,1,0.0346,0,0.0346,0
2.5826e-06,0.0075333,4.1747e-07,2.2477e-07,2.4887e-05,0.0071457,1.4596e-06,1,0.0348,0,0.0348,0
2.6214e-06,0.0075331,3.9511e-07,2.248e-07,2.4925e-05,0.0071508,1.4573e-06,1,0.035,0,0.035,0
2.6602e-06,0.0075328,3.7275e-07,2.2482e-07,2.4962e-05,0.007156,1.4549e-06,1,0.0352,0,0.0352,0
2.699e-06,0.0075326,3.5039e-07,2.2484e-07,2.4999e-05,0.0071611,1.4526e-06,1,0.0354,0,0.0354,0
2.7379e-06,0.0075323,3.2803e-07,2.2487e-07,2.5037e-05,0.0071662,1.4502e-06,1,0.0356,0,0.0356,0
2.7767e-06,0.0075321,3.0567e-07,2.2489e-07,2.5074e-05,0.0071713,1.4479e-06,1,0.0358,0,0.0358,0
2.8155e-06,0.0075319,2.8331e-07,2.2491e-07,2.5111e-05,0.0071765,1.4455e-06,1,0.036,0,0.036,0
2.8543e-06,0.0075316,2.6095e-07,2.2494e-07,2.5149e-05,0.0071816,1.4432e-06,1,0.0362,0,0.0362,0
2.8931e-06,0.0075314,2.3859e-07,2.2496e-07,2.5186e-05,0.0071867,1.4408e-06,1,0.0364,0,0.0364,0
2.9319e-06,0.0075311,2.1624e-07,2.2498e-07,2.5223e-05,0.0071919,1.4385e-06,1,0.0366,0,0.0366,0
2.9708e-06,0.0075309,1.9388e-07,2.2501e-07,2.5261e-05,0.007197,1.4361e-06,1,0.0368,0,0.0368,0
3.0096e-06,0.0075307,1.7152e-07,2.2503e-07,2.5298e-05,0.0072021,1.4338e-06,1,0.037,0,0.037,0
3.0484e-06,0.0075304,1.4916e-07,2.2505e-07,2.5335e-05,0.0072072,1.4314e-06,1,0.0372,0,0.0372,0
3.0872e-06,0.0075302,1.268e-07,2.2508e-07,2.5373e-05,0.0072124,1.4291e-06,1,0.0374,0,0.0374,0
3.126e-06,0.0075299,1.0444e-07,2.251e-07,2.541e-05,0.0072175,1.4267e-06,1,0.0376,0,0.0376,0
3.1649e-06,0.0075297,8.208e-08,2.2512e-07,2.5448e-05,0.0072226,1.4244e-06,1,0.0378,0,0.0378,0
3.2037e-06,0.0075295,5.9721e-08,2.2515e-07,2.5485e-05,0.0072278,1.422e-06,1,0.038,0,0.038,0
3.2425e-06,0.0075292,3.7362e-08,2.2517e-07,2.5522e-05,0.0072329,1.4197e-06,1,0.0382,0,0.0382,0
3.2813e-06,0.007529,1.5002e-08,2.2519e-07,2.556e-05,0.007238,1.4173e-06,1,0.0384,0,0.0384,0
3.3197e-06,0.0075287,-3.9394e-09,2.2521e-07,2.5604e-05,0.007243,1.415e-06,1,0.0386,0,0.0386,0
3.3538e-06,0.0075287,9.0097e-09,2.2523e-07,2.5712e-05,0.0072471,1.4131e-06,1,0.0388,0,0.0388,0
3.3879e-06,0.0075286,2.1959e-08,2.2526e-07,2.582e-05,0.0072511,1.4112e-06,1,0.039,0,0.039,0
3.422e-06,0.0075285,3.4908e-08,2.2528e-07,2.5928e-05,0.0072551,1.4093e-06,1,0.0392,0,0.0392,0
3.4562e-06,0.0075285,4.7857e-08,2.253e-07,2.6036e-05,0.0072591,1.4074e-06,1,0.0394,0,0.0394,0
3.4903e-06,0.0075284,6.0806e-08,2.2532e-07,2.6144e-05,0.0072631,1.4055e-06,1,0.0396,0,0.0396,0
3.5244e-06,0.0075283,7.3755e-08,2.2534e-07,2.6252e-05,0.0072672,1.4036e-06,1,0.0398,0,0.0398,0
3.5743e-06,0.0075281,8.7978e-08,2.2536e-07,2.6304e-05,0.007273,1.4014e-06,1,0.04,0,0.04,0
3.6384e-06,0.0075278,1.0335e-07,2.2539e-07,2.6306e-05,0.0072804,1.3989e-06,1,0.0402,0,0.0402,0
3.7025e-06,0.0075275,1.1873e-07,2.2542e-07,2.6308e-05,0.0072878,1.3963e-06,1,0.0404,0,0.0404,0
3.7666e-06,0.0075272,1.341e-07,2.2545e-07,2.6311e-05,0.0072952,1.3938e-06,1,0.0406,0,0.0406,0
3.8307e-06,0.0075269,1.4948e-07,2.2548e-07,2.6313e-05,0.0073026,1.3912e-06,1,0.0408,0,0.0408,0
3.8948e-06,0.0075266,1.6485e-07,2.2551e-07,2.6315e-05,0.00731,1.3887e-06,1,0.041,0,0.041,0
3.9589e-06,0.0075263,1.8023e-07,2.2554e-07,2.6317e-05,0.0073174,1.3862e-06,1,0.0412,0,0.0412,0
4.023e-06,0.007526,1.9561e-07,2.2557e-07,2.6319e-05,0.0073248,1.3836e-06,1,0.0414,0,0.0414,0
4.0871e-06,0.0075257,2.1098e-07,2.256e-07,2.6321e-05,0.0073322,1.3811e-06,1,0.0416,0,0.0416,0
4.1513e-06,0.0075254,2.2636e-07,2.2563e-07,2.6323e-05,0.0073396,1.3785e-06,1,0.0418,0,0.0418,0
4.2154e-06,0.0075251,2.4173e-07,2.2566e-07,2.6325e-05,0.007347,1.376e-06,1,0.042,0,0.042,0
4.2739e-06,0.0075248,2.6342e-07,2.2569e-07,2.6294e-05,0.0073538,1.3736e-06,1,0.0422,0,0.0422,0
4.3229e-06,0.0075246,2.9572e-07,2.2572e-07,2.6206e-05,0.0073596,1.3714e-06,1,0.0424,0,0.0424,0
4.372e-06,0.0075244,3.2802e-07,2.2575e-07,2.6118e-05,0.0073654,1.3693e-06,1,0.0426,0,0.0426,0
4.4211e-06,0.0075241,3.6032e-07,2.2577e-07,2.603e-05,0.0073711,1.3671e-06,1,0.0428,0,0.0428,0
4.4701e-06,0.0075239,3.9263e-07,2.258e-07,2.5942e-05,0.0073769,1.3649e-06,1,0.043,0,0.043,0
4.5192e-06,0.0075237,4.2493e-07,2.2583e-07,2.5853e-05,0.0073826,1.3628e-06,1,0.0432,0,0.0432,0
4.5683e-06,0.0075234,4.5723e-07,2.2585e-07,2.5765e-05,0.0073884,1.3606e-06,1,0.0434,0,0.0434,0
4.6173e-06,0.0075232,4.8953e-07,2.2588e-07,2.5677e-05,0.0073942,1.3584e-06,1,0.0436,0,0.0436,0
4.6664e-06,0.007523,5.2183e-07,2.2591e-07,2.5589e-05,0.0073999,1.3563e-06,1,0.0438,0,0.0438,0
4.7155e-06,0.0075228,5.5413e-07,2.2594e-07,2.5501e-05,0.0074057,1.3541e-06,1,0.044,0,0.044,0
4.7511e-06,0.0075226,5.7367e-07,2.2596e-07,2.5526e-05,0.0074108,1.3523e-06,1,0.0442,0,0.0442,0
4.7832e-06,0.0075224,5.899e-07,2.2598e-07,2.5579e-05,0.0074157,1.3506e-06,1,0.0444,0,0.0444,0
4.8153e-06,0.0075222,6.0614e-07,2.2601e-07,2.5632e-05,0.0074207,1.3489e-06,1,0.0446,0,0.0446,0
4.8474e-06,0.0075221,6.2237e-07,2.2603e-07,2.5686e-05,0.0074256,1.3472e-06,1,0.0448,0,0.0448,0
4.8796e-06,0.0075219,6.386e-07,2.2606e-07,2.5739e-05,0.0074306,1.3454e-06,1,0.045,0,0.045,0
4.9117e-06,0.0075217,6.5483e-07,2.2608e-07,2.5792e-05,0.0074355,1.3437e-06,1,0.0452,0,0.0452,0
4.9438e-06,0.0075216,6.7106e-07,2.2611e-07,2.5846e-05,0.0074405,1.342e-06,1,0.0454,0,0.0454,0
4.9759e-06,0.0075214,6.8729e-07,2.2613e-07,2.5899e-05,0.0074454,1.3403e-06,1,0.0456,0,0.0456,0
5.008e-06,0.0075212,7.0352e-07,2.2616e-07,2.5953e-05,0.0074503,1.3386e-06,1,0.0458,0,0.0458,0
5.0401e-06,0.0075211,7.1975e-07,2.2618e-07,2.6006e-05,0.0074553,1.3369e-06,1,0.046,0,0.046,0
5.0722e-06,0.0075209,7.3598e-07,2.2621e-07,2.6059e-05,0.0074602,1.3352e-06,1,0.0462,0,0.0462,0
5.1044e-06,0.0075207,7.5221e-07,2.2623e-07,2.6113e-05,0.0074652,1.3334e-06,1,0.0464,0,0.0464,0
5.1365e-06,0.0075206,7.6844e-07,2.2626e-07,2.6166e-05,0.0074701,1.3317e-06,1,0.0466,0,0.0466,0
5.1619e-06,0.0075203,7.6756e-07,2.2629e-07,2.6171e-05,0.0074774,1.3298e-06,1,0.0468,0,0.0468,0
5.1806e-06,0.00752,7.4912e-07,2.2632e-07,2.6126e-05,0.007487,1.3277e-06,1,0.047,0,0.047,0
5.1992e-06,0.0075197,7.3067e-07,2.2636e-07,2.608e-05,0.0074966,1.3257e-06,1,0.0472,0,0.0472,0
5.2178e-06,0.0075194,7.1222e-07,2.264e-07,2.6035e-05,0.0075062,1.3236e-06,1,0.0474,0,0.0474,0
5.2364e-06,0.0075191,6.9378e-07,2.2643e-07,2.599e-05,0.0075158,1.3215e-06,1,0.0476,0,0.0476,0
5.2551e-06,0.0075188,6.7533e-07,2.2647e-07,2.5945e-05,0.0075254,1.3194e-06,1,0.0478,0,0.0478,0
5.2737e-06,0.0075185,6.5688e-07,2.265e-07,2.59e-05,0.007535,1.3173e-06,1,0.048,0,0.048,0
5.2923e-06,0.0075182,6.3844e-07,2.2654e-07,2.5854e-05,0.0075446,1.3152e-06,1,0.0482,0,0.0482,0
5.324e-06,0.007518,6.3814e-07,2.2657e-07,2.5898e-05,0.007552,1.313e-06,1,0.0484,0,0.0484,0
5.3576e-06,0.0075177,6.4056e-07,2.266e-07,2.5955e-05,0.007559,1.3108e-06,1,0.0486,0,0.0486,0
5.3841e-06,0.0075176,6.3492e-07,2.2663e-07,2.6044e-05,0.0075646,1.3087e-06,1,0.0488,0,0.0488,0
5.4076e-06,0.0075175,6.2582e-07,2.2665e-07,2.6146e-05,0.0075696,1.3066e-06,1,0.049,0,0.049,0
5.431e-06,0.0075174,6.1673e-07,2.2667e-07,2.6248e-05,0.0075745,1.3045e-06,1,0.0492,0,0.0492,0
5.4545e-06,0.0075173,6.0763e-07,2.2669e-07,2.6351e-05,0.0075795,1.3025e-06,1,0.0494,0,0.0494,0
5.478e-06,0.0075172,5.9853e-07,2.2672e-07,2.6453e-05,0.0075845,1.3004e-06,1,0.0496,0,0.0496,0
5.5015e-06,0.0075172,5.8944e-07,2.2674e-07,2.6555e-05,0.0075894,1.2983e-06,1,0.0498,0,0.0498,0
5.5321e-06,0.007517,5.8089e-07,2.2676e-07,2.6645e-05,0.0075946,1.2962e-06,1,0.05,0,0.05,0
5.5672e-06,0.0075169,5.7268e-07,2.2679e-07,2.6728e-05,0.0075999,1.294e-06,1,0.0502,0,0.0502,0
5.6023e-06,0.0075168,5.6446e-07,2.2681e-07,2.6811e-05,0.0076052,1.2919e-06,1,0.0504,0,0.0504,0
5.6374e-06,0.0075167,5.5625e-07,2.2683e-07,2.6894e-05,0.0076106,1.2897e-06,1,0.0506,0,0.0506,0
5.6725e-06,0.0075165,5.4804e-07,2.2686e-07,2.6977e-05,0.0076159,1.2875e-06,1,0.0508,0,0.0508,0
5.7076e-06,0.0075164,5.3983e-07,2.2688e-07,2.706e-05,0.0076212,1.2854e-06,1,0.051,0,0.051,0
5.7427e-06,0.0075163,5.3162e-07,2.269e-07,2.7143e-05,0.0076265,1.2832e-06,1,0.0512,0,0.0512,0
5.7778e-06,0.0075162,5.2341e-07,2.2693e-07,2.7226e-05,0.0076318,1.2811e-06,1,0.0514,0,0.0514,0
5.8013e-06,0.007516,4.955e-07,2.2695e-07,2.7148e-05,0.0076385,1.2792e-06,1,0.0516,0,0.0516,0
5.8251e-06,0.0075158,4.6828e-07,2.2698e-07,2.7075e-05,0.0076452,1.2773e-06,1,0.0518,0,0.0518,0
5.8489e-06,0.0075156,4.4107e-07,2.27e-07,2.7003e-05,0.0076518,1.2754e-06,1,0.052,0,0.052,0
5.8728e-06,0.0075154,4.1385e-07,2.2703e-07,2.6931e-05,0.0076585,1.2735e-06,1,0.0522,0,0.0522,0
5.8966e-06,0.0075152,3.8664e-07,2.2705e-07,2.6858e-05,0.0076652,1.2716e-06,1,0.0524,0,0.0524,0
5.9205e-06,0.007515,3.5942e-07,2.2708e-07,2.6786e-05,0.0076718,1.2697e-06,1,0.0526,0,0.0526,0
5.9443e-06,0.0075148,3.322e-07,2.2711e-07,2.6714e-05,0.0076785,1.2678e-06,1,0.0528,0,0.0528,0
5.9682e-06,0.0075146,3.0499e-07,2.2713e-07,2.6641e-05,0.0076851,1.2659e-06,1,0.053,0,0.053,0
5.992e-06,0.0075144,2.7777e-07,2.2716e-07,2.6569e-05,0.0076918,1.2641e-06,1,0.0532,0,0.0532,0
6.0159e-06,0.0075142,2.5055e-07,2.2718e-07,2.6496e-05,0.0076984,1.2622e-06,1,0.0534,0,0.0534,0
6.0397e-06,0.007514,2.2334e-07,2.2721e-07,2.6424e-05,0.0077051,1.2603e-06,1,0.0536,0,0.0536,0
6.0635e-06,0.0075138,1.9612e-07,2.2723e-07,2.6352e-05,0.0077118,1.2584e-06,1,0.0538,0,0.0538,0
6.0847e-06,0.0075136,1.7021e-07,2.2726e-07,2.6292e-05,0.0077186,1.2564e-06,1,0.054,0,0.054,0
6.1046e-06,0.0075134,1.4484e-07,2.2729e-07,2.6237e-05,0.0077256,1.2544e-06,1,0.0542,0,0.0542,0
6.1246e-06,0.0075132,1.1946e-07,2.2731e-07,2.6183e-05,0.0077326,1.2523e-06,1,0.0544,0,0.0544,0
6.1496e-06,0.007513,9.0719e-08,2.2734e-07,2.6149e-05,0.0077391,1.2503e-06,1,0.0546,0,0.0546,0
6.2034e-06,0.0075129,4.2724e-08,2.2736e-07,2.6231e-05,0.007743,1.2482e-06,1,0.0548,0,0.0548,0
6.2573e-06,0.0075128,-5.2704e-09,2.2738e-07,2.6313e-05,0.0077469,1.2461e-06,1,0.055,0,0.055,0
6.3111e-06,0.0075127,-5.3265e-08,2.2739e-07,2.6395e-05,0.0077508,1.244e-06,1,0.0552,0,0.0552,0
6.3649e-06,0.0075126,-1.0126e-07,2.2741e-07,2.6477e-05,0.0077546,1.242e-06,1,0.0554,0,0.0554,0
6.4187e-06,0.0075125,-1.4926e-07,2.2743e-07,2.6559e-05,0.0077585,1.2399e-06,1,0.0556,0,0.0556,0
6.4725e-06,0.0075124,-1.9725e-07,2.2745e-07,2.6641e-05,0.0077624,1.2378e-06,1,0.0558,0,0.0558,0
6.5264e-06,0.0075123,-2.4524e-07,2.2747e-07,2.6724e-05,0.0077663,1.2357e-06,1,0.056,0,0.056,0
6.5802e-06,0.0075122,-2.9324e-07,2.2749e-07,2.6806e-05,0.0077702,1.2336e-06,1,0.0562,0,0.0562,0
6.634e-06,0.0075121,-3.4123e-07,2.2751e-07,2.6888e-05,0.0077741,1.2315e-06,1,0.0564,0,0.0564,0
6.6878e-06,0.0075121,-3.8923e-07,2.2753e-07,2.697e-05,0.007778,1.2294e-06,1,0.0566,0,0.0566,0
6.7416e-06,0.007512,-4.3722e-07,2.2755e-07,2.7052e-05,0.0077818,1.2274e-06,1,0.0568,0,0.0568,0
6.7955e-06,0.0075119,-4.8522e-07,2.2757e-07,2.7134e-05,0.0077857,1.2253e-06,1,0.057,0,0.057,0
6.8493e-06,0.0075118,-5.3321e-07,2.2759e-07,2.7216e-05,0.0077896,1.2232e-06,1,0.0572,0,0.0572,0
6.9031e-06,0.0075117,-5.8121e-07,2.276e-07,2.7298e-05,0.0077935,1.2211e-06,1,0.0574,0,0.0574,0
6.9569e-06,0.0075116,-6.292e-07,2.2762e-07,2.738e-05,0.0077974,1.219e-06,1,0.0576,0,0.0576,0
7.0107e-06,0.0075115,-6.772e-07,2.2764e-07,2.7463e-05,0.0078013,1.2169e-06,1,0.0578,0,0.0578,0
7.0646e-06,0.0075114,-7.2519e-07,2.2766e-07,2.7545e-05,0.0078052,1.2148e-06,1,0.058,0,0.058,0
7.1184e-06,0.0075113,-7.7319e-07,2.2768e-07,2.7627e-05,0.007809,1.2127e-06,1,0.0582,0,0.0582,0
7.1722e-06,0.0075112,-8.2118e-07,2.277e-07,2.7709e-05,0.0078129,1.2107e-06,1,0.0584,0,0.0584,0
7.226e-06,0.0075111,-8.6918e-07,2.2772e-07,2.7791e-05,0.0078168,1.2086e-06,1,0.0586,0,0.0586,0
7.2798e-06,0.007511,-9.1717e-07,2.2774e-07,2.7873e-05,0.0078207,1.2065e-06,1,0.0588,0,0.0588,0
7.3337e-06,0.0075109,-9.6516e-07,2.2776e-07,2.7955e-05,0.0078246,1.2044e-06,1,0.059,0,0.059,0
7.3875e-06,0.0075108,-1.0132e-06,2.2778e-07,2.8037e-05,0.0078285,1.2023e-06,1,0.0592,0,0.0592,0
7.4413e-06,0.0075107,-1.0612e-06,2.278e-07,2.812e-05,0.0078324,1.2002e-06,1,0.0594,0,0.0594,0
7.4991e-06,0.0075106,-1.1124e-06,2.2782e-07,2.815e-05,0.007837,1.1982e-06,1,0.0596,0,0.0596,0
7.5613e-06,0.0075104,-1.167e-06,2.2784e-07,2.8125e-05,0.0078423,1.1962e-06,1,0.0598,0,0.0598,0
7.6221e-06,0.0075102,-1.2205e-06,2.2786e-07,2.8093e-05,0.0078479,1.1943e-06,1,0.06,0,0.06,0
7.6686e-06,0.00751,-1.2624e-06,2.2789e-07,2.7991e-05,0.0078558,1.1922e-06,1,0.0602,0,0.0602,0
7.7152e-06,0.0075098,-1.3043e-06,2.2793e-07,2.7889e-05,0.0078636,1.1902e-06,1,0.0604,0,0.0604,0
7.7617e-06,0.0075096,-1.3462e-06,2.2796e-07,2.7788e-05,0.0078714,1.1881e-06,1,0.0606,0,0.0606,0
7.7731e-06,0.0075095,-1.4169e-06,2.2799e-07,2.7732e-05,0.0078784,1.1861e-06,1,0.0608,0,0.0608,0
7.7703e-06,0.0075093,-1.4994e-06,2.2802e-07,2.7694e-05,0.0078849,1.184e-06,1,0.061,0,0.061,0
7.7674e-06,0.0075092,-1.5819e-06,2.2805e-07,2.7657e-05,0.0078915,1.182e-06,1,0.0612,0,0.0612,0
7.7646e-06,0.007509,-1.6643e-06,2.2807e-07,2.762e-05,0.007898,1.18e-06,1,0.0614,0,0.0614,0
7.7618e-06,0.0075089,-1.7468e-06,2.281e-07,2.7583e-05,0.0079046,1.178e-06,1,0.0616,0,0.0616,0
7.763e-06,0.0075087,-1.8253e-06,2.2814e-07,2.7529e-05,0.007913,1.1758e-06,1,0.0618,0,0.0618,0
7.7679e-06,0.0075085,-1.9002e-06,2.2818e-07,2.746e-05,0.007923,1.1737e-06,1,0.062,0,0.062,0
7.7729e-06,0.0075083,-1.9751e-06,2.2821e-07,2.7391e-05,0.007933,1.1715e-06,1,0.0622,0,0.0622,0
7.7778e-06,0.0075081,-2.05e-06,2.2825e-07,2.7322e-05,0.007943,1.1693e-06,1,0.0624,0,0.0624,0
7.7827e-06,0.0075079,-2.1249e-06,2.2829e-07,2.7254e-05,0.0079531,1.1672e-06,1,0.0626,0,0.0626,0
7.7877e-06,0.0075077,-2.1998e-06,2.2833e-07,2.7185e-05,0.0079631,1.165e-06,1,0.0628,0,0.0628,0
7.7926e-06,0.0075075,-2.2747e-06,2.2837e-07,2.7116e-05,0.0079731,1.1628e-06,1,0.063,0,0.063,0
7.7975e-06,0.0075073,-2.3496e-06,2.2841e-07,2.7047e-05,0.0079831,1.1606e-06,1,0.0632,0,0.0632,0
7.8024e-06,0.0075071,-2.4245e-06,2.2844e-07,2.6978e-05,0.0079931,1.1585e-06,1,0.0634,0,0.0634,0
7.8074e-06,0.0075069,-2.4994e-06,2.2848e-07,2.691e-05,0.0080031,1.1563e-06,1,0.0636,0,0.0636,0
7.8123e-06,0.0075067,-2.5743e-06,2.2852e-07,2.6841e-05,0.0080132,1.1541e-06,1,0.0638,0,0.0638,0
7.8172e-06,0.0075065,-2.6493e-06,2.2856e-07,2.6772e-05,0.0080232,1.152e-06,1,0.064,0,0.064,0
7.8221e-06,0.0075063,-2.7242e-06,2.286e-07,2.6703e-05,0.0080332,1.1498e-06,1,0.0642,0,0.0642,0
7.8271e-06,0.0075061,-2.7991e-06,2.2864e-07,2.6635e-05,0.0080432,1.1476e-06,1,0.0644,0,0.0644,0
7.832e-06,0.0075059,-2.874e-06,2.2867e-07,2.6566e-05,0.0080532,1.1454e-06,1,0.0646,0,0.0646,0
7.8369e-06,0.0075057,-2.9489e-06,2.2871e-07,2.6497e-05,0.0080632,1.1433e-06,1,0.0648,0,0.0648,0
7.8418e-06,0.0075055,-3.0238e-06,2.2875e-07,2.6428e-05,0.0080733,1.1411e-06,1,0.065,0,0.065,0
7.8468e-06,0.0075053,-3.0987e-06,2.2879e-07,2.6359e-05,0.0080833,1.1389e-06,1,0.0652,0,0.0652,0
7.8517e-06,0.0075051,-3.1736e-06,2.2883e-07,2.6291e-05,0.0080933,1.1368e-06,1,0.0654,0,0.0654,0
7.8566e-06,0.0075049,-3.2485e-06,2.2886e-07,2.6222e-05,0.0081033,1.1346e-06,1,0.0656,0,0.0656,0
7.86e-06,0.0075046,-3.3282e-06,2.2891e-07,2.6103e-05,0.0081145,1.1324e-06,1,0.0658,0,0.0658,0
7.8632e-06,0.0075044,-3.4084e-06,2.2895e-07,2.5978e-05,0.0081259,1.1302e-06,1,0.066,0,0.066,0
7.8694e-06,0.0075043,-3.4946e-06,2.2898e-07,2.6003e-05,0.0081336,1.1284e-06,1,0.0662,0,0.0662,0
7.8772e-06,0.0075042,-3.5842e-06,2.2901e-07,2.6027e-05,0.0081411,1.1268e-06,1,0.0664,0,0.0664,0
7.885e-06,0.0075041,-3.6738e-06,2.2904e-07,2.6051e-05,0.0081486,1.1252e-06,1,0.0666,0,0.0666,0
7.8928e-06,0.007504,-3.7634e-06,2.2907e-07,2.6075e-05,0.008156,1.1236e-06,1,0.0668,0,0.0668,0
7.9006e-06,0.0075039,-3.853e-06,2.2911e-07,2.6099e-05,0.0081635,1.122e-06,1,0.067,0,0.067,0
7.9084e-06,0.0075038,-3.9426e-06,2.2914e-07,2.6122e-05,0.0081709,1.1204e-06,1,0.0672,0,0.0672,0
7.9162e-06,0.0075037,-4.0322e-06,2.2917e-07,2.6146e-05,0.0081784,1.1188e-06,1,0.0674,0,0.0674,0
7.924e-06,0.0075036,-4.1218e-06,2.292e-07,2.617e-05,0.0081858,1.1172e-06,1,0.0676,0,0.0676,0
7.9318e-06,0.0075036,-4.2114e-06,2.2923e-07,2.6194e-05,0.0081933,1.1156e-06,1,0.0678,0,0.0678,0
7.9396e-06,0.0075035,-4.301e-06,2.2926e-07,2.6218e-05,0.0082008,1.114e-06,1,0.068,0,0.068,0
7.9474e-06,0.0075034,-4.3906e-06,2.2929e-07,2.6242e-05,0.0082082,1.1124e-06,1,0.0682,0,0.0682,0
7.9552e-06,0.0075033,-4.4802e-06,2.2932e-07,2.6265e-05,0.0082157,1.1108e-06,1,0.0684,0,0.0684,0
7.963e-06,0.0075032,-4.5699e-06,2.2936e-07,2.6289e-05,0.0082231,1.1092e-06,1,0.0686,0,0.0686,0
7.9708e-06,0.0075031,-4.6595e-06,2.2939e-07,2.6313e-05,0.0082306,1.1076e-06,1,0.0688,0,0.0688,0
7.9786e-06,0.007503,-4.7491e-06,2.2942e-07,2.6337e-05,0.008238,1.106e-06,1,0.069,0,0.069,0
7.9864e-06,0.0075029,-4.8387e-06,2.2945e-07,2.6361e-05,0.0082455,1.1044e-06,1,0.0692,0,0.0692,0
7.9942e-06,0.0075028,-4.9283e-06,2.2948e-07,2.6385e-05,0.008253,1.1028e-06,1,0.0694,0,0.0694,0
8.002e-06,0.0075028,-5.0179e-06,2.2951e-07,2.6408e-05,0.0082604,1.1012e-06,1,0.0696,0,0.0696,0
8.0433e-06,0.0075027,-5.0912e-06,2.2954e-07,2.6534e-05,0.0082657,1.0998e-06,1,0.0698,0,0.0698,0
8.0883e-06,0.0075027,-5.1628e-06,2.2956e-07,2.667e-05,0.0082708,1.0984e-06,1,0.07,0,0.07,0
8.1334e-06,0.0075028,-5.2343e-06,2.2958e-07,2.6806e-05,0.0082759,1.097e-06,1,0.0702,0,0.0702,0
8.1421e-06,0.0075027,-5.3274e-06,2.2961e-07,2.6879e-05,0.0082811,1.0953e-06,1,0.0704,0,0.0704,0
8.1213e-06,0.0075027,-5.4381e-06,2.2964e-07,2.6901e-05,0.0082864,1.0934e-06,1,0.0706,0,0.0706,0
8.1005e-06,0.0075027,-5.5487e-06,2.2968e-07,2.6922e-05,0.0082917,1.0916e-06,1,0.0708,0,0.0708,0
8.0797e-06,0.0075027,-5.6593e-06,2.2971e-07,2.6944e-05,0.0082971,1.0897e-06,1,0.071,0,0.071,0
8.0589e-06,0.0075027,-5.77e-06,2.2974e-07,2.6966e-05,0.0083024,1.0879e-06,1,0.0712,0,0.0712,0
8.0382e-06,0.0075027,-5.8806e-06,2.2977e-07,2.6987e-05,0.0083077,1.086e-06,1,0.0714,0,0.0714,0
8.0174e-06,0.0075026,-5.9912e-06,2.298e-07,2.7009e-05,0.0083131,1.0841e-06,1,0.0716,0,0.0716,0
7.9966e-06,0.0075026,-6.1018e-06,2.2984e-07,2.703e-05,0.0083184,1.0823e-06,1,0.0718,0,0.0718,0
7.9722e-06,0.0075025,-6.1959e-06,2.2988e-07,2.6981e-05,0.0083277,1.0803e-06,1,0.072,0,0.072,0
7.9468e-06,0.0075024,-6.2856e-06,2.2992e-07,2.6912e-05,0.0083381,1.0784e-06,1,0.0722,0,0.0722,0
7.9214e-06,0.0075023,-6.3752e-06,2.2996e-07,2.6843e-05,0.0083485,1.0764e-06,1,0.0724,0,0.0724,0
7.896e-06,0.0075022,-6.4648e-06,2.3001e-07,2.6774e-05,0.0083589,1.0744e-06,1,0.0726,0,0.0726,0
7.8706e-06,0.007502,-6.5544e-06,2.3005e-07,2.6706e-05,0.0083694,1.0725e-06,1,0.0728,0,0.0728,0
7.8545e-06,0.007502,-6.6499e-06,2.3009e-07,2.6674e-05,0.0083794,1.0704e-06,1,0.073,0,0.073,0
7.8454e-06,0.0075019,-6.7499e-06,2.3013e-07,2.6669e-05,0.0083893,1.0684e-06,1,0.0732,0,0.0732,0
7.8363e-06,0.0075018,-6.8498e-06,2.3017e-07,2.6664e-05,0.0083991,1.0663e-06,1,0.0734,0,0.0734,0
7.8272e-06,0.0075017,-6.9498e-06,2.302e-07,2.6659e-05,0.0084089,1.0642e-06,1,0.0736,0,0.0736,0
7.8181e-06,0.0075017,-7.0497e-06,2.3024e-07,2.6655e-05,0.0084188,1.0621e-06,1,0.0738,0,0.0738,0
7.809e-06,0.0075016,-7.1497e-06,2.3028e-07,2.665e-05,0.0084286,1.06e-06,1,0.074,0,0.074,0
7.7999e-06,0.0075015,-7.2497e-06,2.3031e-07,2.6645e-05,0.0084384,1.058e-06,1,0.0742,0,0.0742,0
7.7908e-06,0.0075015,-7.3496e-06,2.3035e-07,2.6641e-05,0.0084483,1.0559e-06,1,0.0744,0,0.0744,0
7.7817e-06,0.0075014,-7.4496e-06,2.3039e-07,2.6636e-05,0.0084581,1.0538e-06,1,0.0746,0,0.0746,0
7.7726e-06,0.0075013,-7.5495e-06,2.3043e-07,2.6631e-05,0.0084679,1.0517e-06,1,0.0748,0,0.0748,0
7.7635e-06,0.0075012,-7.6495e-06,2.3046e-07,2.6626e-05,0.0084778,1.0496e-06,1,0.075,0,0.075,0
7.7543e-06,0.0075012,-7.7495e-06,2.305e-07,2.6622e-05,0.0084876,1.0476e-06,1,0.0752,0,0.0752,0
7.7452e-06,0.0075011,-7.8494e-06,2.3054e-07,2.6617e-05,0.0084974,1.0455e-06,1,0.0754,0,0.0754,0
7.7388e-06,0.007501,-7.9479e-06,2.3058e-07,2.6614e-05,0.0085072,1.0434e-06,1,0.0756,0,0.0756,0
7.7395e-06,0.007501,-8.0425e-06,2.3061e-07,2.6614e-05,0.0085166,1.0413e-06,1,0.0758,0,0.0758,0
7.7402e-06,0.0075009,-8.1372e-06,2.3064e-07,2.6615e-05,0.008526,1.0392e-06,1,0.076,0,0.076,0
7.7409e-06,0.0075008,-8.2318e-06,2.3068e-07,2.6616e-05,0.0085355,1.0371e-06,1,0.0762,0,0.0762,0
7.7416e-06,0.0075007,-8.3265e-06,2.3071e-07,2.6616e-05,0.0085449,1.035e-06,1,0.0764,0,0.0764,0
7.7423e-06,0.0075006,-8.4211e-06,2.3075e-07,2.6617e-05,0.0085544,1.033e-06,1,0.0766,0,0.0766,0
7.7355e-06,0.0075004,-8.507e-06,2.3079e-07,2.653e-05,0.0085678,1.0309e-06,1,0.0768,0,0.0768,0
7.7281e-06,0.0075002,-8.592e-06,2.3084e-07,2.6436e-05,0.0085816,1.0288e-06,1,0.077,0,0.077,0
7.7207e-06,0.0075,-8.6771e-06,2.3088e-07,2.6342e-05,0.0085953,1.0267e-06,1,0.0772,0,0.0772,0
7.7133e-06,0.0074998,-8.7622e-06,2.3092e-07,2.6248e-05,0.0086091,1.0246e-06,1,0.0774,0,0.0774,0
7.7059e-06,0.0074996,-8.8472e-06,2.3097e-07,2.6154e-05,0.0086229,1.0226e-06,1,0.0776,0,0.0776,0
7.6985e-06,0.0074994,-8.9323e-06,2.3101e-07,2.606e-05,0.0086366,1.0205e-06,1,0.0778,0,0.0778,0
7.6911e-06,0.0074992,-9.0173e-06,2.3106e-07,2.5965e-05,0.0086504,1.0184e-06,1,0.078,0,0.078,0
7.6837e-06,0.007499,-9.1024e-06,2.311e-07,2.5871e-05,0.0086642,1.0163e-06,1,0.0782,0,0.0782,0
7.6763e-06,0.0074988,-9.1874e-06,2.3115e-07,2.5777e-05,0.008678,1.0142e-06,1,0.0784,0,0.0784,0
7.6689e-06,0.0074986,-9.2725e-06,2.3119e-07,2.5683e-05,0.0086917,1.0122e-06,1,0.0786,0,0.0786,0
7.6615e-06,0.0074984,-9.3575e-06,2.3123e-07,2.5589e-05,0.0087055,1.0101e-06,1,0.0788,0,0.0788,0
7.6541e-06,0.0074982,-9.4426e-06,2.3128e-07,2.5494e-05,0.0087193,1.008e-06,1,0.079,0,0.079,0
7.6467e-06,0.007498,-9.5277e-06,2.3132e-07,2.54e-05,0.008733,1.0059e-06,1,0.0792,0,0.0792,0
7.6393e-06,0.0074978,-9.6127e-06,2.3137e-07,2.5306e-05,0.0087468,1.0038e-06,1,0.0794,0,0.0794,0
7.6281e-06,0.0074976,-9.703e-06,2.3141e-07,2.5246e-05,0.0087593,1.0018e-06,1,0.0796,0,0.0796,0
7.6063e-06,0.0074976,-9.8082e-06,2.3145e-07,2.5284e-05,0.0087682,9.9997e-07,1,0.0798,0,0.0798,0
7.5844e-06,0.0074975,-9.9133e-06,2.3148e-07,2.5322e-05,0.0087772,9.9814e-07,1,0.08,0,0.08,0
7.5629e-06,0.0074975,-1.0017e-05,2.3152e-07,2.5351e-05,0.0087882,9.9624e-07,1,0.0802,0,0.0802,0
7.5423e-06,0.0074974,-1.0117e-05,2.3157e-07,2.5361e-05,0.0088038,9.9421e-07,1,0.0804,0,0.0804,0
7.5217e-06,0.0074974,-1.0217e-05,2.3162e-07,2.5371e-05,0.0088194,9.9218e-07,1,0.0806,0,0.0806,0
7.501e-06,0.0074974,-1.0317e-05,2.3167e-07,2.5381e-05,0.008835,9.9014e-07,1,0.0808,0,0.0808,0
7.4804e-06,0.0074973,-1.0417e-05,2.3172e-07,2.5391e-05,0.0088506,9.8811e-07,1,0.081,0,0.081,0
7.4597e-06,0.0074973,-1.0517e-05,2.3176e-07,2.5401e-05,0.0088663,9.8608e-07,1,0.0812,0,0.0812,0
7.434e-06,0.0074973,-1.0634e-05,2.318e-07,2.5411e-05,0.008877,9.8424e-07,1,0.0814,0,0.0814,0
7.4064e-06,0.0074973,-1.0757e-05,2.3184e-07,2.5421e-05,0.008886,9.8247e-07,1,0.0816,0,0.0816,0
7.3788e-06,0.0074973,-1.088e-05,2.3188e-07,2.5431e-05,0.008895,9.807e-07,1,0.0818,0,0.0818,0
7.3513e-06,0.0074973,-1.1003e-05,2.3191e-07,2.5442e-05,0.008904,9.7894e-07,1,0.082,0,0.082,0
7.3237e-06,0.0074973,-1.1126e-05,2.3195e-07,2.5452e-05,0.008913,9.7717e-07,1,0.0822,0,0.0822,0
7.2961e-06,0.0074973,-1.125e-05,2.3198e-07,2.5462e-05,0.008922,9.754e-07,1,0.0824,0,0.0824,0
7.2685e-06,0.0074973,-1.1373e-05,2.3202e-07,2.5473e-05,0.008931,9.7364e-07,1,0.0826,0,0.0826,0
7.2409e-06,0.0074973,-1.1496e-05,2.3206e-07,2.5483e-05,0.00894,9.7187e-07,1,0.0828,0,0.0828,0
7.2133e-06,0.0074973,-1.1619e-05,2.3209e-07,2.5493e-05,0.008949,9.701e-07,1,0.083,0,0.083,0
7.1857e-06,0.0074973,-1.1742e-05,2.3213e-07,2.5504e-05,0.008958,9.6833e-07,1,0.0832,0,0.0832,0
7.1582e-06,0.0074973,-1.1865e-05,2.3216e-07,2.5514e-05,0.008967,9.6657e-07,1,0.0834,0,0.0834,0
7.1306e-06,0.0074974,-1.1988e-05,2.322e-07,2.5524e-05,0.008976,9.648e-07,1,0.0836,0,0.0836,0
7.103e-06,0.0074974,-1.2111e-05,2.3224e-07,2.5534e-05,0.008985,9.6303e-07,1,0.0838,0,0.0838,0
7.0754e-06,0.0074974,-1.2234e-05,2.3227e-07,2.5545e-05,0.008994,9.6127e-07,1,0.084,0,0.084,0
7.0478e-06,0.0074974,-1.2357e-05,2.3231e-07,2.5555e-05,0.009003,9.595e-07,1,0.0842,0,0.0842,0
7.0202e-06,0.0074974,-1.2481e-05,2.3234e-07,2.5565e-05,0.009012,9.5773e-07,1,0.0844,0,0.0844,0
6.9927e-06,0.0074974,-1.2604e-05,2.3238e-07,2.5576e-05,0.009021,9.5596e-07,1,0.0846,0,0.0846,0
6.9651e-06,0.0074974,-1.2727e-05,2.3242e-07,2.5586e-05,0.00903,9.542e-07,1,0.0848,0,0.0848,0
6.9375e-06,0.0074974,-1.285e-05,2.3245e-07,2.5596e-05,0.009039,9.5243e-07,1,0.085,0,0.085,0
6.9099e-06,0.0074974,-1.2973e-05,2.3249e-07,2.5607e-05,0.009048,9.5066e-07,1,0.0852,0,0.0852,0
6.8823e-06,0.0074974,-1.3096e-05,2.3252e-07,2.5617e-05,0.009057,9.489e-07,1,0.0854,0,0.0854,0
6.8547e-06,0.0074974,-1.3219e-05,2.3256e-07,2.5627e-05,0.009066,9.4713e-07,1,0.0856,0,0.0856,0
6.8277e-06,0.0074974,-1.3339e-05,2.326e-07,2.562e-05,0.0090763,9.4534e-07,1,0.0858,0,0.0858,0
6.8019e-06,0.0074973,-1.3449e-05,2.3265e-07,2.5567e-05,0.0090898,9.4347e-07,1,0.086,0,0.086,0
6.7812e-06,0.0074972,-1.3562e-05,2.3271e-07,2.5514e-05,0.0091091,9.416e-07,1,0.0862,0,0.0862,0
6.7607e-06,0.0074971,-1.3675e-05,2.3276e-07,2.546e-05,0.0091287,9.3974e-07,1,0.0864,0,0.0864,0
6.7523e-06,0.0074969,-1.3783e-05,2.3283e-07,2.5353e-05,0.0091552,9.3781e-07,1,0.0866,0,0.0866,0
6.7433e-06,0.0074968,-1.3891e-05,2.329e-07,2.5249e-05,0.0091814,9.3589e-07,1,0.0868,0,0.0868,0
6.7342e-06,0.0074966,-1.3999e-05,2.3297e-07,2.5145e-05,0.0092076,9.3397e-07,1,0.087,0,0.087,0
6.7252e-06,0.0074965,-1.4107e-05,2.3304e-07,2.5041e-05,0.0092338,9.3205e-07,1,0.0872,0,0.0872,0
6.7161e-06,0.0074963,-1.4215e-05,2.3311e-07,2.4937e-05,0.0092599,9.3013e-07,1,0.0874,0,0.0874,0
6.707e-06,0.0074961,-1.4323e-05,2.3318e-07,2.4832e-05,0.0092861,9.2821e-07,1,0.0876,0,0.0876,0
6.698e-06,0.007496,-1.4431e-05,2.3325e-07,2.4728e-05,0.0093123,9.2629e-07,1,0.0878,0,0.0878,0
6.6889e-06,0.0074958,-1.454e-05,2.3332e-07,2.4624e-05,0.0093384,9.2437e-07,1,0.088,0,0.088,0
6.6799e-06,0.0074956,-1.4648e-05,2.3339e-07,2.452e-05,0.0093646,9.2245e-07,1,0.0882,0,0.0882,0
6.6607e-06,0.0074957,-1.4818e-05,2.3347e-07,2.4556e-05,0.0093985,9.2065e-07,1,0.0884,0,0.0884,0
6.6404e-06,0.0074957,-1.4996e-05,2.3354e-07,2.4608e-05,0.0094332,9.1887e-07,1,0.0886,0,0.0886,0
6.6236e-06,0.0074957,-1.515e-05,2.3362e-07,2.4578e-05,0.0094714,9.1683e-07,1,0.0888,0,0.0888,0
6.6075e-06,0.0074956,-1.5299e-05,2.3371e-07,2.4531e-05,0.0095104,9.1474e-07,1,0.089,0,0.089,0
6.5912e-06,0.0074955,-1.5446e-05,2.338e-07,2.4477e-05,0.0095495,9.1262e-07,1,0.0892,0,0.0892,0
6.5741e-06,0.0074954,-1.5577e-05,2.3389e-07,2.4387e-05,0.0095894,9.1041e-07,1,0.0894,0,0.0894,0
6.557e-06,0.0074952,-1.5708e-05,2.3398e-07,2.4297e-05,0.0096293,9.082e-07,1,0.0896,0,0.0896,0
6.5399e-06,0.0074951,-1.584e-05,2.3407e-07,2.4206e-05,0.0096691,9.0599e-07,1,0.0898,0,0.0898,0
6.5228e-06,0.0074949,-1.5971e-05,2.3417e-07,2.4116e-05,0.009709,9.0378e-07,1,0.09,0,0.09,0
6.5057e-06,0.0074948,-1.6102e-05,2.3426e-07,2.4025e-05,0.0097489,9.0157e-07,1,0.0902,0,0.0902,0
6.4886e-06,0.0074946,-1.6234e-05,2.3435e-07,2.3935e-05,0.0097887,8.9936e-07,1,0.0904,0,0.0904,0
6.4714e-06,0.0074945,-1.6365e-05,2.3444e-07,2.3845e-05,0.0098286,8.9715e-07,1,0.0906,0,0.0906,0
6.4543e-06,0.0074943,-1.6496e-05,2.3453e-07,2.3754e-05,0.0098685,8.9494e-07,1,0.0908,0,0.0908,0
6.4372e-06,0.0074941,-1.6628e-05,2.3463e-07,2.3664e-05,0.0099083,8.9273e-07,1,0.091,0,0.091,0
6.4201e-06,0.007494,-1.6759e-05,2.3472e-07,2.3573e-05,0.0099482,8.9052e-07,1,0.0912,0,0.0912,0
6.403e-06,0.0074938,-1.689e-05,2.3481e-07,2.3483e-05,0.0099881,8.8831e-07,1,0.0914,0,0.0914,0
6.3859e-06,0.0074937,-1.7021e-05,2.349e-07,2.3393e-05,0.010028,8.861e-07,1,0.0916,0,0.0916,0
6.3688e-06,0.0074935,-1.7153e-05,2.35e-07,2.3302e-05,0.010068,8.8389e-07,1,0.0918,0,0.0918,0
6.3517e-06,0.0074934,-1.7284e-05,2.3509e-07,2.3212e-05,0.010108,8.8168e-07,1,0.092,0,0.092,0
6.3345e-06,0.0074932,-1.7415e-05,2.3518e-07,2.3121e-05,0.010148,8.7947e-07,1,0.0922,0,0.0922,0
6.3174e-06,0.0074931,-1.7547e-05,2.3527e-07,2.3031e-05,0.010187,8.7726e-07,1,0.0924,0,0.0924,0
6.3003e-06,0.0074929,-1.7678e-05,2.3537e-07,2.2941e-05,0.010227,8.7505e-07,1,0.0926,0,0.0926,0
6.2832e-06,0.0074928,-1.7809e-05,2.3546e-07,2.285e-05,0.010267,8.7284e-07,1,0.0928,0,0.0928,0
6.2309e-06,0.0074926,-1.7928e-05,2.3554e-07,2.273e-05,0.010312,8.7092e-07,1,0.093,0,0.093,0
6.1752e-06,0.0074924,-1.8045e-05,2.3562e-07,2.2607e-05,0.010357,8.6902e-07,1,0.0932,0,0.0932,0
6.1194e-06,0.0074923,-1.8162e-05,2.3571e-07,2.2484e-05,0.010402,8.6712e-07,1,0.0934,0,0.0934,0
6.0636e-06,0.0074921,-1.8279e-05,2.3579e-07,2.2361e-05,0.010447,8.6523e-07,1,0.0936,0,0.0936,0
6.0079e-06,0.007492,-1.8396e-05,2.3587e-07,2.2238e-05,0.010493,8.6333e-07,1,0.0938,0,0.0938,0
5.9521e-06,0.0074918,-1.8513e-05,2.3596e-07,2.2115e-05,0.010538,8.6143e-07,1,0.094,0,0.094,0
5.9183e-06,0.0074918,-1.8645e-05,2.3603e-07,2.2041e-05,0.010572,8.5938e-07,1,0.0942,0,0.0942,0
5.8932e-06,0.0074918,-1.8783e-05,2.361e-07,2.1986e-05,0.010602,8.5726e-07,1,0.0944,0,0.0944,0
5.8682e-06,0.0074918,-1.8921e-05,2.3617e-07,2.1931e-05,0.010632,8.5515e-07,1,0.0946,0,0.0946,0
5.8431e-06,0.0074918,-1.9059e-05,2.3625e-07,2.1876e-05,0.010662,8.5303e-07,1,0.0948,0,0.0948,0
5.8181e-06,0.0074918,-1.9197e-05,2.3632e-07,2.1821e-05,0.010692,8.5091e-07,1,0.095,0,0.095,0
5.793e-06,0.0074919,-1.9335e-05,2.3639e-07,2.1767e-05,0.010722,8.488e-07,1,0.0952,0,0.0952,0
5.7679e-06,0.0074919,-1.9473e-05,2.3646e-07,2.1712e-05,0.010752,8.4668e-07,1,0.0954,0,0.0954,0
5.7429e-06,0.0074919,-1.9611e-05,2.3654e-07,2.1657e-05,0.010782,8.4457e-07,1,0.0956,0,0.0956,0
5.7178e-06,0.0074919,-1.975e-05,2.3661e-07,2.1602e-05,0.010812,8.4245e-07,1,0.0958,0,0.0958,0
5.6928e-06,0.0074919,-1.9888e-05,2.3668e-07,2.1547e-05,0.010842,8.4033e-07,1,0.096,0,0.096,0
5.6677e-06,0.0074919,-2.0026e-05,2.3675e-07,2.1492e-05,0.010872,8.3822e-07,1,0.0962,0,0.0962,0
5.6427e-06,0.0074919,-2.0164e-05,2.3682e-07,2.1438e-05,0.010902,8.361e-07,1,0.0964,0,0.0964,0
5.6176e-06,0.007492,-2.0302e-05,2.369e-07,2.1383e-05,0.010932,8.3399e-07,1,0.0966,0,0.0966,0
5.5925e-06,0.007492,-2.044e-05,2.3697e-07,2.1328e-05,0.010962,8.3187e-07,1,0.0968,0,0.0968,0
5.5675e-06,0.007492,-2.0578e-05,2.3704e-07,2.1273e-05,0.010991,8.2975e-07,1,0.097,0,0.097,0
5.5424e-06,0.007492,-2.0716e-05,2.3711e-07,2.1218e-05,0.011021,8.2764e-07,1,0.0972,0,0.0972,0
5.5116e-06,0.007492,-2.0867e-05,2.372e-07,2.1166e-05,0.011068,8.2557e-07,1,0.0974,0,0.0974,0
5.4791e-06,0.0074919,-2.1023e-05,2.3728e-07,2.1115e-05,0.011119,8.2351e-07,1,0.0976,0,0.0976,0
5.4466e-06,0.0074919,-2.1178e-05,2.3737e-07,2.1064e-05,0.011171,8.2145e-07,1,0.0978,0,0.0978,0
5.414e-06,0.0074919,-2.1333e-05,2.3746e-07,2.1013e-05,0.011222,8.1939e-07,1,0.098,0,0.098,0
5.3815e-06,0.0074918,-2.1488e-05,2.3754e-07,2.0962e-05,0.011273,8.1733e-07,1,0.0982,0,0.0982,0
5.349e-06,0.0074918,-2.1643e-05,2.3763e-07,2.091e-05,0.011325,8.1527e-07,1,0.0984,0,0.0984,0
5.3165e-06,0.0074918,-2.1798e-05,2.3772e-07,2.0859e-05,0.011376,8.1321e-07,1,0.0986,0,0.0986,0
5.2851e-06,0.0074917,-2.1945e-05,2.3781e-07,2.0785e-05,0.011436,8.1114e-07,1,0.0988,0,0.0988,0
5.2567e-06,0.0074916,-2.2072e-05,2.3794e-07,2.0646e-05,0.011522,8.0904e-07,1,0.099,0,0.099,0
5.2191e-06,0.0074916,-2.2195e-05,2.3803e-07,2.056e-05,0.011589,8.0676e-07,1,0.0992,0,0.0992,0
5.173e-06,0.0074917,-2.2316e-05,2.381e-07,2.0523e-05,0.011639,8.0432e-07,1,0.0994,0,0.0994,0
5.1268e-06,0.0074919,-2.2437e-05,2.3816e-07,2.0485e-05,0.011689,8.0187e-07,1,0.0996,0,0.0996,0
5.0807e-06,0.007492,-2.2558e-05,2.3823e-07,2.0447e-05,0.01174,7.9943e-07,1,0.0998,0,0.0998,0
5.0346e-06,0.0074921,-2.2679e-05,2.3829e-07,2.041e-05,0.01179,7.9698e-07,1,0.1,0,0.1,0
5.0029e-06,0.0074922,-2.2789e-05,2.3837e-07,2.0335e-05,0.011849,7.9457e-07,1,0.1002,0,0.1002,0
4.9783e-06,0.0074922,-2.2895e-05,2.3846e-07,2.0241e-05,0.011914,7.9217e-07,1,0.1004,0,0.1004,0
4.9536e-06,0.0074922,-2.3e-05,2.3855e-07,2.0148e-05,0.011978,7.8978e-07,1,0.1006,0,0.1006,0
4.929e-06,0.0074922,-2.3105e-05,2.3864e-07,2.0055e-05,0.012042,7.8738e-07,1,0.1008,0,0.1008,0
4.9044e-06,0.0074922,-2.321e-05,2.3872e-07,1.9961e-05,0.012106,7.8499e-07,1,0.101,0,0.101,0
4.8798e-06,0.0074922,-2.3316e-05,2.3881e-07,1.9868e-05,0.01217,7.8259e-07,1,0.1012,0,0.1012,0
4.8551e-06,0.0074922,-2.3421e-05,2.389e-07,1.9775e-05,0.012234,7.8019e-07,1,0.1014,0,0.1014,0
4.8305e-06,0.0074922,-2.3526e-05,2.3899e-07,1.9681e-05,0.012298,7.778e-07,1,0.1016,0,0.1016,0
4.8059e-06,0.0074922,-2.3632e-05,2.3908e-07,1.9588e-05,0.012363,7.754e-07,1,0.1018,0,0.1018,0
4.7813e-06,0.0074922,-2.3737e-05,2.3916e-07,1.9495e-05,0.012427,7.7301e-07,1,0.102,0,0.102,0
4.7566e-06,0.0074922,-2.3842e-05,2.3925e-07,1.9401e-05,0.012491,7.7061e-07,1,0.1022,0,0.1022,0
4.732e-06,0.0074922,-2.3947e-05,2.3934e-07,1.9308e-05,0.012555,7.6821e-07,1,0.1024,0,0.1024,0
4.7074e-06,0.0074922,-2.4053e-05,2.3943e-07,1.9215e-05,0.012619,7.6582e-07,1,0.1026,0,0.1026,0
4.6828e-06,0.0074922,-2.4158e-05,2.3952e-07,1.9121e-05,0.012683,7.6342e-07,1,0.1028,0,0.1028,0
4.6582e-06,0.0074922,-2.4263e-05,2.396e-07,1.9028e-05,0.012747,7.6103e-07,1,0.103,0,0.103,0
4.6374e-06,0.0074922,-2.4379e-05,2.397e-07,1.8928e-05,0.012813,7.5872e-07,1,0.1032,0,0.1032,0
4.6175e-06,0.0074921,-2.4498e-05,2.398e-07,1.8827e-05,0.012878,7.5642e-07,1,0.1034,0,0.1034,0
4.5976e-06,0.0074921,-2.4616e-05,2.399e-07,1.8726e-05,0.012944,7.5413e-07,1,0.1036,0,0.1036,0
4.5777e-06,0.007492,-2.4734e-05,2.4001e-07,1.8624e-05,0.01301,7.5184e-07,1,0.1038,0,0.1038,0
4.5578e-06,0.007492,-2.4853e-05,2.4011e-07,1.8523e-05,0.013075,7.4954e-07,1,0.104,0,0.104,0
4.5379e-06,0.0074919,-2.4971e-05,2.4021e-07,1.8422e-05,0.013141,7.4725e-07,1,0.1042,0,0.1042,0
4.4948e-06,0.0074919,-2.5075e-05,2.4028e-07,1.8404e-05,0.013174,7.4533e-07,1,0.1044,0,0.1044,0
4.4462e-06,0.007492,-2.5176e-05,2.4034e-07,1.8406e-05,0.013199,7.4349e-07,1,0.1046,0,0.1046,0
4.3977e-06,0.007492,-2.5276e-05,2.404e-07,1.8408e-05,0.013224,7.4166e-07,1,0.1048,0,0.1048,0
4.3491e-06,0.007492,-2.5377e-05,2.4046e-07,1.8409e-05,0.01325,7.3983e-07,1,0.105,0,0.105,0
4.3006e-06,0.0074921,-2.5478e-05,2.4052e-07,1.8411e-05,0.013275,7.3799e-07,1,0.1052,0,0.1052,0
4.2612e-06,0.007492,-2.5554e-05,2.406e-07,1.8375e-05,0.013323,7.3617e-07,1,0.1054,0,0.1054,0
4.2369e-06,0.0074918,-2.5591e-05,2.4071e-07,1.8276e-05,0.013408,7.3436e-07,1,0.1056,0,0.1056,0
4.2126e-06,0.0074917,-2.5628e-05,2.4082e-07,1.8177e-05,0.013493,7.3255e-07,1,0.1058,0,0.1058,0
4.182e-06,0.0074916,-2.5675e-05,2.4093e-07,1.8077e-05,0.013587,7.3072e-07,1,0.106,0,0.106,0
4.1402e-06,0.0074915,-2.5742e-05,2.4105e-07,1.7974e-05,0.013698,7.2884e-07,1,0.1062,0,0.1062,0
4.0983e-06,0.0074915,-2.581e-05,2.4116e-07,1.7872e-05,0.01381,7.2697e-07,1,0.1064,0,0.1064,0
4.0564e-06,0.0074914,-2.5877e-05,2.4127e-07,1.7769e-05,0.013921,7.2509e-07,1,0.1066,0,0.1066,0
4.0145e-06,0.0074914,-2.5944e-05,2.4139e-07,1.7667e-05,0.014032,7.2322e-07,1,0.1068,0,0.1068,0
3.9727e-06,0.0074913,-2.6011e-05,2.415e-07,1.7564e-05,0.014144,7.2134e-07,1,0.107,0,0.107,0
3.9308e-06,0.0074913,-2.6079e-05,2.4162e-07,1.7462e-05,0.014255,7.1947e-07,1,0.1072,0,0.1072,0
3.8889e-06,0.0074912,-2.6146e-05,2.4173e-07,1.736e-05,0.014366,7.1759e-07,1,0.1074,0,0.1074,0
3.847e-06,0.0074912,-2.6213e-05,2.4184e-07,1.7257e-05,0.014478,7.1572e-07,1,0.1076,0,0.1076,0
3.8052e-06,0.0074911,-2.628e-05,2.4196e-07,1.7155e-05,0.014589,7.1384e-07,1,0.1078,0,0.1078,0
3.7633e-06,0.0074911,-2.6348e-05,2.4207e-07,1.7052e-05,0.0147,7.1197e-07,1,0.108,0,0.108,0
3.7214e-06,0.0074911,-2.6415e-05,2.4219e-07,1.695e-05,0.014812,7.1009e-07,1,0.1082,0,0.1082,0
3.6795e-06,0.007491,-2.6482e-05,2.423e-07,1.6847e-05,0.014923,7.0822e-07,1,0.1084,0,0.1084,0
3.6377e-06,0.007491,-2.6549e-05,2.4241e-07,1.6745e-05,0.015034,7.0634e-07,1,0.1086,0,0.1086,0
3.5958e-06,0.0074909,-2.6617e-05,2.4253e-07,1.6642e-05,0.015146,7.0447e-07,1,0.1088,0,0.1088,0
3.5539e-06,0.0074909,-2.6684e-05,2.4264e-07,1.654e-05,0.015257,7.0259e-07,1,0.109,0,0.109,0
3.512e-06,0.0074908,-2.6751e-05,2.4276e-07,1.6438e-05,0.015368,7.0072e-07,1,0.1092,0,0.1092,0
3.4701e-06,0.0074908,-2.6818e-05,2.4287e-07,1.6335e-05,0.01548,6.9884e-07,1,0.1094,0,0.1094,0
3.4283e-06,0.0074907,-2.6886e-05,2.4299e-07,1.6233e-05,0.015591,6.9697e-07,1,0.1096,0,0.1096,0
3.3864e-06,0.0074907,-2.6953e-05,2.431e-07,1.613e-05,0.015702,6.9509e-07,1,0.1098,0,0.1098,0
3.3445e-06,0.0074907,-2.702e-05,2.4321e-07,1.6028e-05,0.015814,6.9322e-07,1,0.11,0,0.11,0
3.3026e-06,0.0074906,-2.7087e-05,2.4333e-07,1.5925e-05,0.015925,6.9134e-07,1,0.1102,0,0.1102,0
3.2608e-06,0.0074906,-2.7155e-05,2.4344e-07,1.5823e-05,0.016036,6.8947e-07,1,0.1104,0,0.1104,0
3.2189e-06,0.0074905,-2.7222e-05,2.4356e-07,1.572e-05,0.016148,6.8759e-07,1,0.1106,0,0.1106,0
3.177e-06,0.0074905,-2.7289e-05,2.4367e-07,1.5618e-05,0.016259,6.8572e-07,1,0.1108,0,0.1108,0
3.1351e-06,0.0074904,-2.7356e-05,2.4378e-07,1.5516e-05,0.01637,6.8384e-07,1,0.111,0,0.111,0
3.0828e-06,0.0074904,-2.7439e-05,2.4389e-07,1.5424e-05,0.016468,6.8188e-07,1,0.1112,0,0.1112,0
3.0185e-06,0.0074905,-2.754e-05,2.4398e-07,1.5345e-05,0.01655,6.7983e-07,1,0.1114,0,0.1114,0
2.9542e-06,0.0074906,-2.7641e-05,2.4408e-07,1.5266e-05,0.016632,6.7777e-07,1,0.1116,0,0.1116,0
2.8899e-06,0.0074907,-2.7742e-05,2.4417e-07,1.5188e-05,0.016714,6.7572e-07,1,0.1118,0,0.1118,0
2.8256e-06,0.0074908,-2.7843e-05,2.4427e-07,1.5109e-05,0.016797,6.7366e-07,1,0.112,0,0.112,0
2.7613e-06,0.0074909,-2.7944e-05,2.4436e-07,1.503e-05,0.016879,6.7161e-07,1,0.1122,0,0.1122,0
2.7117e-06,0.0074909,-2.8057e-05,2.4564e-07,1.4857e-05,0.018142,6.6969e-07,1,0.1124,0,0.1124,0
2.6618e-06,0.007491,-2.817e-05,2.469e-07,1.4685e-05,0.019386,6.6777e-07,1,0.1126,0,0.1126,0
2.6118e-06,0.0074911,-2.8284e-05,2.4816e-07,1.4513e-05,0.020631,6.6586e-07,1,0.1128,0,0.1128,0
2.5619e-06,0.0074911,-2.8397e-05,2.4942e-07,1.4341e-05,0.021875,6.6394e-07,1,0.113,0,0.113,0
2.512e-06,0.0074912,-2.851e-05,2.5068e-07,1.4169e-05,0.023119,6.6202e-07,1,0.1132,0,0.1132,0
2.4621e-06,0.0074913,-2.8623e-05,2.5194e-07,1.3997e-05,0.024363,6.6011e-07,1,0.1134,0,0.1134,0
2.4122e-06,0.0074914,-2.8737e-05,2.5319e-07,1.3825e-05,0.025607,6.5819e-07,1,0.1136,0,0.1136,0
2.3631e-06,0.0074914,-2.8836e-05,2.5441e-07,1.3655e-05,0.026805,6.5627e-07,1,0.1138,0,0.1138,0
2.3147e-06,0.0074914,-2.8925e-05,2.5561e-07,1.3486e-05,0.02797,6.5434e-07,1,0.114,0,0.114,0
2.2662e-06,0.0074914,-2.9014e-05,2.568e-07,1.3317e-05,0.029134,6.5242e-07,1,0.1142,0,0.1142,0
2.2177e-06,0.0074914,-2.9103e-05,2.5799e-07,1.3148e-05,0.030299,6.5049e-07,1,0.1144,0,0.1144,0
2.1692e-06,0.0074914,-2.9192e-05,2.5918e-07,1.2979e-05,0.031464,6.4857e-07,1,0.1146,0,0.1146,0
2.1207e-06,0.0074914,-2.9282e-05,2.6038e-07,1.2809e-05,0.032629,6.4664e-07,1,0.1148,0,0.1148,0
2.0722e-06,0.0074914,-2.9371e-05,2.6157e-07,1.264e-05,0.033794,6.4472e-07,1,0.115,0,0.115,0
2.0237e-06,0.0074914,-2.946e-05,2.6276e-07,1.2471e-05,0.034959,6.4279e-07,1,0.1152,0,0.1152,0
1.9752e-06,0.0074914,-2.9549e-05,2.6395e-07,1.2302e-05,0.036123,6.4087e-07,1,0.1154,0,0.1154,0
1.9268e-06,0.0074914,-2.9638e-05,2.6515e-07,1.2133e-05,0.037288,6.3894e-07,1,0.1156,0,0.1156,0
1.8783e-06,0.0074914,-2.9727e-05,2.6634e-07,1.1964e-05,0.038453,6.3702e-07,1,0.1158,0,0.1158,0
1.8298e-06,0.0074914,-2.9817e-05,2.6753e-07,1.1794e-05,0.039618,6.3509e-07,1,0.116,0,0.116,0
1.7813e-06,0.0074914,-2.9906e-05,2.6872e-07,1.1625e-05,0.040783,6.3317e-07,1,0.1162,0,0.1162,0
1.7328e-06,0.0074914,-2.9995e-05,2.6992e-07,1.1456e-05,0.041947,6.3124e-07,1,0.1164,0,0.1164,0
1.6843e-06,0.0074914,-3.0084e-05,2.7111e-07,1.1287e-05,0.043112,6.2932e-07,1,0.1166,0,0.1166,0
1.6358e-06,0.0074914,-3.0173e-05,2.723e-07,1.1118e-05,0.044277,6.2739e-07,1,0.1168,0,0.1168,0
1.5873e-06,0.0074914,-3.0262e-05,2.7349e-07,1.0949e-05,0.045442,6.2547e-07,1,0.117,0,0.117,0
1.5389e-06,0.0074914,-3.0352e-05,2.7469e-07,1.0779e-05,0.046607,6.2354e-07,1,0.1172,0,0.1172,0
1.4904e-06,0.0074915,-3.0436e-05,2.7578e-07,1.0624e-05,0.047637,6.2161e-07,1,0.1174,0,0.1174,0
1.4423e-06,0.0074915,-3.0492e-05,2.7634e-07,1.0545e-05,0.047892,6.196e-07,1,0.1176,0,0.1176,0
1.4232e-06,0.0074915,-3.0563e-05,2.7686e-07,1.0463e-05,0.047977,6.1775e-07,1,0.1178,0,0.1178,0
1.409e-06,0.0074914,-3.0636e-05,2.7737e-07,1.038e-05,0.048034,6.1592e-07,1,0.118,0,0.118,0
1.3948e-06,0.0074914,-3.0708e-05,2.7787e-07,1.0297e-05,0.048091,6.141e-07,1,0.1182,0,0.1182,0
1.3806e-06,0.0074913,-3.0781e-05,2.7838e-07,1.0214e-05,0.048148,6.1227e-07,1,0.1184,0,0.1184,0
1.3665e-06,0.0074913,-3.0854e-05,2.7889e-07,1.0131e-05,0.048204,6.1044e-07,1,0.1186,0,0.1186,0
1.3523e-06,0.0074913,-3.0927e-05,2.794e-07,1.0048e-05,0.048261,6.0861e-07,1,0.1188,0,0.1188,0
1.3381e-06,0.0074912,-3.0999e-05,2.7991e-07,9.9649e-06,0.048318,6.0678e-07,1,0.119,0,0.119,0
1.3239e-06,0.0074912,-3.1072e-05,2.8041e-07,9.882e-06,0.048375,6.0496e-07,1,0.1192,0,0.1192,0
1.3097e-06,0.0074912,-3.1145e-05,2.8092e-07,9.799e-06,0.048431,6.0313e-07,1,0.1194,0,0.1194,0
1.2955e-06,0.0074911,-3.1218e-05,2.8143e-07,9.716e-06,0.048488,6.013e-07,1,0.1196,0,0.1196,0
1.2814e-06,0.0074911,-3.129e-05,2.8194e-07,9.633e-06,0.048545,5.9947e-07,1,0.1198,0,0.1198,0
1.2672e-06,0.007491,-3.1363e-05,2.8245e-07,9.5501e-06,0.048602,5.9764e-07,1,0.12,0,0.12,0
1.253e-06,0.007491,-3.1436e-05,2.8295e-07,9.4671e-06,0.048658,5.9581e-07,1,0.1202,0,0.1202,0
1.2388e-06,0.007491,-3.1509e-05,2.8346e-07,9.3841e-06,0.048715,5.9399e-07,1,0.1204,0,0.1204,0
1.2246e-06,0.0074909,-3.1581e-05,2.8397e-07,9.3011e-06,0.048772,5.9216e-07,1,0.1206,0,0.1206,0
1.2104e-06,0.0074909,-3.1654e-05,2.8448e-07,9.2182e-06,0.048829,5.9033e-07,1,0.1208,0,0.1208,0
1.1963e-06,0.0074909,-3.1727e-05,2.8499e-07,9.1352e-06,0.048885,5.885e-07,1,0.121,0,0.121,0
1.1821e-06,0.0074908,-3.1799e-05,2.8549e-07,9.0522e-06,0.048942,5.8667e-07,1,0.1212,0,0.1212,0
1.2002e-06,0.0074907,-3.1896e-05,2.8775e-07,8.9546e-06,0.050124,5.8495e-07,1,0.1214,0,0.1214,0
1.2904e-06,0.0074904,-3.2045e-05,2.9393e-07,8.8245e-06,0.053816,5.8348e-07,1,0.1216,0,0.1216,0
1.3807e-06,0.0074901,-3.2194e-05,3.0011e-07,8.6943e-06,0.057508,5.82e-07,1,0.1218,0,0.1218,0
1.4709e-06,0.0074897,-3.2343e-05,3.0628e-07,8.5641e-06,0.061201,5.8052e-07,1,0.122,0,0.122,0
1.5405e-06,0.0074895,-3.2491e-05,3.1459e-07,8.4548e-06,0.065232,5.7893e-07,1,0.1222,0,0.1222,0
1.5118e-06,0.0074897,-3.2632e-05,3.3307e-07,8.4452e-06,0.070875,5.7684e-07,1,0.1224,0,0.1224,0
1.483e-06,0.0074898,-3.2772e-05,3.5155e-07,8.4355e-06,0.076519,5.7474e-07,1,0.1226,0,0.1226,0
1.4543e-06,0.00749,-3.2913e-05,3.7004e-07,8.4258e-06,0.082162,5.7265e-07,1,0.1228,0,0.1228,0
1.4255e-06,0.0074902,-3.3054e-05,3.8852e-07,8.4161e-06,0.087806,5.7055e-07,1,0.123,0,0.123,0
1.3246e-06,0.0074906,-3.3054e-05,3.8267e-07,8.3483e-06,0.085,5.6824e-07,1,0.1232,0,0.1232,0
1.2221e-06,0.007491,-3.3052e-05,3.7624e-07,8.279e-06,0.081995,5.6592e-07,1,0.1234,0,0.1234,0
1.1195e-06,0.0074914,-3.3049e-05,3.6982e-07,8.2097e-06,0.07899,5.6359e-07,1,0.1236,0,0.1236,0
1.0169e-06,0.0074918,-3.3046e-05,3.6339e-07,8.1405e-06,0.075985,5.6127e-07,1,0.1238,0,0.1238,0
9.202e-07,0.0074922,-3.305e-05,3.5809e-07,8.0722e-06,0.073446,5.5896e-07,1,0.124,0,0.124,0
8.8639e-07,0.0074924,-3.3131e-05,3.6487e-07,8.0142e-06,0.075911,5.567e-07,1,0.1242,0,0.1242,0
8.5258e-07,0.0074925,-3.3212e-05,3.7164e-07,7.9562e-06,0.078375,5.5445e-07,1,0.1244,0,0.1244,0
8.1877e-07,0.0074927,-3.3293e-05,3.7841e-07,7.8982e-06,0.08084,5.5219e-07,1,0.1246,0,0.1246,0
7.8496e-07,0.0074929,-3.3374e-05,3.8519e-07,7.8401e-06,0.083305,5.4994e-07,1,0.1248,0,0.1248,0
7.5115e-07,0.007493,-3.3455e-05,3.9196e-07,7.7821e-06,0.08577,5.4768e-07,1,0.125,0,0.125,0
7.1734e-07,0.0074932,-3.3536e-05,3.9873e-07,7.7241e-06,0.088234,5.4543e-07,1,0.1252,0,0.1252,0
6.8353e-07,0.0074934,-3.3617e-05,4.0551e-07,7.6661e-06,0.090699,5.4317e-07,1,0.1254,0,0.1254,0
6.4972e-07,0.0074936,-3.3698e-05,4.1228e-07,7.6081e-06,0.093164,5.4092e-07,1,0.1256,0,0.1256,0
6.1591e-07,0.0074937,-3.3779e-05,4.1905e-07,7.5501e-06,0.095629,5.3867e-07,1,0.1258,0,0.1258,0
5.821e-07,0.0074939,-3.386e-05,4.2583e-07,7.4921e-06,0.098093,5.3641e-07,1,0.126,0,0.126,0
5.4828e-07,0.0074941,-3.3941e-05,4.326e-07,7.4341e-06,0.10056,5.3416e-07,1,0.1262,0,0.1262,0
5.1447e-07,0.0074942,-3.4022e-05,4.3937e-07,7.3761e-06,0.10302,5.319e-07,1,0.1264,0,0.1264,0
4.8066e-07,0.0074944,-3.4103e-05,4.4615e-07,7.3181e-06,0.10549,5.2965e-07,1,0.1266,0,0.1266,0
4.4685e-07,0.0074946,-3.4184e-05,4.5292e-07,7.2601e-06,0.10795,5.2739e-07,1,0.1268,0,0.1268,0
4.1304e-07,0.0074947,-3.4265e-05,4.5969e-07,7.2021e-06,0.11042,5.2514e-07,1,0.127,0,0.127,0
3.8799e-07,0.0074949,-3.4339e-05,4.6656e-07,7.1582e-06,0.11256,5.2288e-07,1,0.1272,0,0.1272,0
3.802e-07,0.0074949,-3.4402e-05,4.7362e-07,7.1421e-06,0.11408,5.206e-07,1,0.1274,0,0.1274,0
3.5675e-07,0.007495,-3.4455e-05,4.7898e-07,7.1174e-06,0.1149,5.1845e-07,1,0.1276,0,0.1276,0
3.0312e-07,0.0074952,-3.4489e-05,4.811e-07,7.076e-06,0.11438,5.1653e-07,1,0.1278,0,0.1278,0
2.495e-07,0.0074954,-3.4522e-05,4.8321e-07,7.0347e-06,0.11386,5.1461e-07,1,0.128,0,0.128,0
1.9588e-07,0.0074956,-3.4556e-05,4.8533e-07,6.9934e-06,0.11334,5.127e-07,1,0.1282,0,0.1282,0
1.4226e-07,0.0074958,-3.459e-05,4.8744e-07,6.952e-06,0.11282,5.1078e-07,1,0.1284,0,0.1284,0
8.8635e-08,0.007496,-3.4624e-05,4.8955e-07,6.9107e-06,0.1123,5.0886e-07,1,0.1286,0,0.1286,0
3.5012e-08,0.0074962,-3.4658e-05,4.9167e-07,6.8694e-06,0.11178,5.0694e-07,1,0.1288,0,0.1288,0
-1.8612e-08,0.0074964,-3.4692e-05,4.9378e-07,6.8281e-06,0.11126,5.0502e-07,1,0.129,0,0.129,0
-7.2231e-08,0.0074966,-3.4725e-05,4.959e-07,6.7867e-06,0.11074,5.031e-07,1,0.1292,0,0.1292,0
-1.2585e-07,0.0074968,-3.4759e-05,4.9801e-07,6.7454e-06,0.11022,5.0118e-07,1,0.1294,0,0.1294,0
-1.7948e-07,0.007497,-3.4793e-05,5.0012e-07,6.7041e-06,0.1097,4.9926e-07,1,0.1296,0,0.1296,0
-2.331e-07,0.0074972,-3.4827e-05,5.0224e-07,6.6627e-06,0.10917,4.9734e-07,1,0.1298,0,0.1298,0
-2.8672e-07,0.0074974,-3.4861e-05,5.0435e-07,6.6214e-06,0.10865,4.9543e-07,1,0.13,0,0.13,0
-3.4034e-07,0.0074976,-3.4895e-05,5.0646e-07,6.5801e-06,0.10813,4.9351e-07,1,0.1302,0,0.1302,0
-3.9397e-07,0.0074978,-3.4929e-05,5.0858e-07,6.5388e-06,0.10761,4.9159e-07,1,0.1304,0,0.1304,0
-4.4759e-07,0.007498,-3.4962e-05,5.1069e-07,6.4974e-06,0.10709,4.8967e-07,1,0.1306,0,0.1306,0
-5.0121e-07,0.0074982,-3.4996e-05,5.1281e-07,6.4561e-06,0.10657,4.8775e-07,1,0.1308,0,0.1308,0
-5.5483e-07,0.0074984,-3.503e-05,5.1492e-07,6.4148e-06,0.10605,4.8583e-07,1,0.131,0,0.131,0
-6.0846e-07,0.0074986,-3.5064e-05,5.1703e-07,6.3734e-06,0.10553,4.8391e-07,1,0.1312,0,0.1312,0
-6.6208e-07,0.0074988,-3.5098e-05,5.1915e-07,6.3321e-06,0.10501,4.8199e-07,1,0.1314,0,0.1314,0
-7.018e-07,0.007499,-3.515e-05,5.2733e-07,6.3074e-06,0.10644,4.8004e-07,1,0.1316,0,0.1316,0
-7.0996e-07,0.007499,-3.5244e-05,5.4927e-07,6.3202e-06,0.11227,4.7801e-07,1,0.1318,0,0.1318,0
-7.1812e-07,0.0074991,-3.5337e-05,5.7121e-07,6.3331e-06,0.11811,4.7597e-07,1,0.132,0,0.132,0
-7.2628e-07,0.0074992,-3.5431e-05,5.9314e-07,6.3459e-06,0.12395,4.7394e-07,1,0.1322,0,0.1322,0
-7.3444e-07,0.0074993,-3.5524e-05,6.1508e-07,6.3588e-06,0.12979,4.719e-07,1,0.1324,0,0.1324,0
-7.4298e-07,0.0074993,-3.5575e-05,6.3063e-07,6.3702e-06,0.13356,4.6979e-07,1,0.1326,0,0.1326,0
-7.5212e-07,0.0074992,-3.5569e-05,6.3823e-07,6.381e-06,0.13475,4.6758e-07,1,0.1328,0,0.1328,0
-7.636e-07,0.0074992,-3.5503e-05,6.4474e-07,6.4146e-06,0.13564,4.6512e-07,1,0.133,0,0.133,0
-7.7508e-07,0.0074991,-3.5436e-05,6.5125e-07,6.4482e-06,0.13652,4.6266e-07,1,0.1332,0,0.1332,0
-7.9033e-07,0.0074991,-3.5371e-05,6.5668e-07,6.4827e-06,0.13716,4.6023e-07,1,0.1334,0,0.1334,0
-8.3687e-07,0.0074992,-3.532e-05,6.5312e-07,6.5256e-06,0.13574,4.5808e-07,1,0.1336,0,0.1336,0
-8.8342e-07,0.0074992,-3.5268e-05,6.4955e-07,6.5684e-06,0.13432,4.5594e-07,1,0.1338,0,0.1338,0
-9.2997e-07,0.0074993,-3.5216e-05,6.4598e-07,6.6112e-06,0.1329,4.538e-07,1,0.134,0,0.134,0
-9.7651e-07,0.0074993,-3.5165e-05,6.4241e-07,6.6541e-06,0.13147,4.5165e-07,1,0.1342,0,0.1342,0
-1.0231e-06,0.0074994,-3.5113e-05,6.3884e-07,6.6969e-06,0.13005,4.4951e-07,1,0.1344,0,0.1344,0
-1.0696e-06,0.0074994,-3.5061e-05,6.3528e-07,6.7397e-06,0.12863,4.4736e-07,1,0.1346,0,0.1346,0
-1.1162e-06,0.0074995,-3.501e-05,6.3171e-07,6.7826e-06,0.1272,4.4522e-07,1,0.1348,0,0.1348,0
-1.1627e-06,0.0074996,-3.4958e-05,6.2814e-07,6.8254e-06,0.12578,4.4308e-07,1,0.135,0,0.135,0
-1.2092e-06,0.0074996,-3.4907e-05,6.2457e-07,6.8682e-06,0.12436,4.4093e-07,1,0.1352,0,0.1352,0
-1.2558e-06,0.0074997,-3.4855e-05,6.21e-07,6.9111e-06,0.12294,4.3879e-07,1,0.1354,0,0.1354,0
-1.3019e-06,0.0074996,-3.4796e-05,6.1337e-07,6.9525e-06,0.12006,4.3667e-07,1,0.1356,0,0.1356,0
-1.3479e-06,0.0074996,-3.4736e-05,6.0559e-07,6.9939e-06,0.11713,4.3456e-07,1,0.1358,0,0.1358,0
-1.394e-06,0.0074995,-3.4676e-05,5.9782e-07,7.0353e-06,0.1142,4.3245e-07,1,0.136,0,0.136,0
-1.44e-06,0.0074995,-3.4616e-05,5.9004e-07,7.0767e-06,0.11127,4.3033e-07,1,0.1362,0,0.1362,0
-1.486e-06,0.0074994,-3.4557e-05,5.8226e-07,7.1181e-06,0.10834,4.2822e-07,1,0.1364,0,0.1364,0
-1.5321e-06,0.0074994,-3.4497e-05,5.7449e-07,7.1595e-06,0.10542,4.2611e-07,1,0.1366,0,0.1366,0
-1.5781e-06,0.0074993,-3.4437e-05,5.6671e-07,7.2009e-06,0.10249,4.24e-07,1,0.1368,0,0.1368,0
-1.6242e-06,0.0074993,-3.4378e-05,5.5893e-07,7.2423e-06,0.099558,4.2188e-07,1,0.137,0,0.137,0
-1.6702e-06,0.0074993,-3.4318e-05,5.5115e-07,7.2837e-06,0.096629,4.1977e-07,1,0.1372,0,0.1372,0
-1.7163e-06,0.0074992,-3.4258e-05,5.4338e-07,7.3251e-06,0.0937,4.1766e-07,1,0.1374,0,0.1374,0
-1.7623e-06,0.0074992,-3.4198e-05,5.356e-07,7.3665e-06,0.090771,4.1555e-07,1,0.1376,0,0.1376,0
-1.8084e-06,0.0074991,-3.4139e-05,5.2782e-07,7.4079e-06,0.087843,4.1343e-07,1,0.1378,0,0.1378,0
-1.8544e-06,0.0074991,-3.4079e-05,5.2004e-07,7.4494e-06,0.084914,4.1132e-07,1,0.138,0,0.138,0
-1.8869e-06,0.007499,-3.4038e-05,5.184e-07,7.4983e-06,0.084038,4.0921e-07,1,0.1382,0,0.1382,0
-1.92e-06,0.007499,-3.3996e-05,5.1653e-07,7.547e-06,0.083087,4.071e-07,1,0.1384,0,0.1384,0
-1.953e-06,0.0074989,-3.3954e-05,5.1465e-07,7.5956e-06,0.082137,4.05e-07,1,0.1386,0,0.1386,0
-1.986e-06,0.0074989,-3.3912e-05,5.1278e-07,7.6443e-06,0.081187,4.0289e-07,1,0.1388,0,0.1388,0
-2.019e-06,0.0074988,-3.387e-05,5.1091e-07,7.693e-06,0.080236,4.0078e-07,1,0.139,0,0.139,0
-2.0713e-06,0.0074988,-3.3829e-05,5.1298e-07,7.7239e-06,0.080341,3.9864e-07,1,0.1392,0,0.1392,0
-2.1376e-06,0.0074989,-3.3788e-05,5.179e-07,7.7419e-06,0.081214,3.9648e-07,1,0.1394,0,0.1394,0
-2.1822e-06,0.007499,-3.3758e-05,5.2441e-07,7.7584e-06,0.08273,3.9418e-07,1,0.1396,0,0.1396,0
-2.1951e-06,0.0074989,-3.3746e-05,5.3323e-07,7.7728e-06,0.085192,3.9167e-07,1,0.1398,0,0.1398,0
-2.2834e-06,0.007499,-3.3699e-05,5.3074e-07,7.7856e-06,0.084496,3.8945e-07,1,0.14,0,0.14,0
-2.4095e-06,0.0074991,-3.3636e-05,5.2256e-07,7.7975e-06,0.082214,3.8738e-07,1,0.1402,0,0.1402,0
-2.508e-06,0.0074991,-3.3567e-05,5.1863e-07,7.808e-06,0.081025,3.8514e-07,1,0.1404,0,0.1404,0
-2.5835e-06,0.0074992,-3.3494e-05,5.1821e-07,7.8173e-06,0.080741,3.8277e-07,1,0.1406,0,0.1406,0
-2.6589e-06,0.0074992,-3.3422e-05,5.1779e-07,7.8266e-06,0.080457,3.8041e-07,1,0.1408,0,0.1408,0
-2.7344e-06,0.0074992,-3.3349e-05,5.1737e-07,7.8358e-06,0.080173,3.7804e-07,1,0.141,0,0.141,0
-2.8099e-06,0.0074993,-3.3276e-05,5.1695e-07,7.8451e-06,0.079889,3.7567e-07,1,0.1412,0,0.1412,0
-2.8854e-06,0.0074993,-3.3204e-05,5.1653e-07,7.8544e-06,0.079605,3.733e-07,1,0.1414,0,0.1414,0
-2.9609e-06,0.0074993,-3.3131e-05,5.1612e-07,7.8637e-06,0.079321,3.7094e-07,1,0.1416,0,0.1416,0
-3.0364e-06,0.0074994,-3.3058e-05,5.157e-07,7.8729e-06,0.079037,3.6857e-07,1,0.1418,0,0.1418,0
-3.1119e-06,0.0074994,-3.2985e-05,5.1528e-07,7.8822e-06,0.078754,3.662e-07,1,0.142,0,0.142,0
-3.1874e-06,0.0074994,-3.2913e-05,5.1486e-07,7.8915e-06,0.07847,3.6383e-07,1,0.1422,0,0.1422,0
-3.2629e-06,0.0074995,-3.284e-05,5.1444e-07,7.9007e-06,0.078186,3.6147e-07,1,0.1424,0,0.1424,0
-3.3384e-06,0.0074995,-3.2767e-05,5.1402e-07,7.91e-06,0.077902,3.591e-07,1,0.1426,0,0.1426,0
-3.4097e-06,0.0074995,-3.2692e-05,5.1531e-07,7.9271e-06,0.078221,3.5673e-07,1,0.1428,0,0.1428,0
-3.4815e-06,0.0074994,-3.2617e-05,5.1638e-07,7.9432e-06,0.078465,3.5435e-07,1,0.143,0,0.143,0
-3.5534e-06,0.0074994,-3.2542e-05,5.1745e-07,7.9593e-06,0.078708,3.5198e-07,1,0.1432,0,0.1432,0
-3.6252e-06,0.0074993,-3.2467e-05,5.1852e-07,7.9754e-06,0.078952,3.496e-07,1,0.1434,0,0.1434,0
-3.6971e-06,0.0074993,-3.2393e-05,5.1959e-07,7.9916e-06,0.079195,3.4723e-07,1,0.1436,0,0.1436,0
-3.7689e-06,0.0074992,-3.2318e-05,5.2066e-07,8.0077e-06,0.079439,3.4486e-07,1,0.1438,0,0.1438,0
-3.8407e-06,0.0074992,-3.2243e-05,5.2173e-07,8.0238e-06,0.079682,3.4248e-07,1,0.144,0,0.144,0
-3.9126e-06,0.0074991,-3.2168e-05,5.228e-07,8.0399e-06,0.079926,3.4011e-07,1,0.1442,0,0.1442,0
-3.9844e-06,0.0074991,-3.2093e-05,5.2387e-07,8.056e-06,0.080169,3.3773e-07,1,0.1444,0,0.1444,0
-4.0563e-06,0.007499,-3.2018e-05,5.2494e-07,8.0721e-06,0.080413,3.3536e-07,1,0.1446,0,0.1446,0
-4.1281e-06,0.007499,-3.1943e-05,5.2601e-07,8.0882e-06,0.080656,3.3299e-07,1,0.1448,0,0.1448,0
-4.2e-06,0.007499,-3.1868e-05,5.2708e-07,8.1043e-06,0.0809,3.3061e-07,1,0.145,0,0.145,0
-4.2718e-06,0.0074989,-3.1794e-05,5.2815e-07,8.1204e-06,0.081143,3.2824e-07,1,0.1452,0,0.1452,0
-4.3436e-06,0.0074989,-3.1719e-05,5.2922e-07,8.1366e-06,0.081387,3.2587e-07,1,0.1454,0,0.1454,0
-4.4155e-06,0.0074988,-3.1644e-05,5.3029e-07,8.1527e-06,0.081631,3.2349e-07,1,0.1456,0,0.1456,0
-4.4873e-06,0.0074988,-3.1569e-05,5.3136e-07,8.1688e-06,0.081874,3.2112e-07,1,0.1458,0,0.1458,0
-4.5447e-06,0.0074987,-3.1494e-05,5.3311e-07,8.1839e-06,0.082272,3.189e-07,1,0.146,0,0.146,0
-4.5685e-06,0.0074987,-3.142e-05,5.3644e-07,8.1969e-06,0.083026,3.1705e-07,1,0.1462,0,0.1462,0
-4.5923e-06,0.0074987,-3.1346e-05,5.3977e-07,8.2099e-06,0.083781,3.1521e-07,1,0.1464,0,0.1464,0
-4.6161e-06,0.0074987,-3.1272e-05,5.431e-07,8.2229e-06,0.084535,3.1336e-07,1,0.1466,0,0.1466,0
-4.6398e-06,0.0074986,-3.1198e-05,5.4643e-07,8.2358e-06,0.08529,3.1151e-07,1,0.1468,0,0.1468,0
-4.6636e-06,0.0074986,-3.1124e-05,5.4977e-07,8.2488e-06,0.086044,3.0966e-07,1,0.147,0,0.147,0
-4.6874e-06,0.0074986,-3.105e-05,5.531e-07,8.2618e-06,0.086798,3.0782e-07,1,0.1472,0,0.1472,0
-4.7112e-06,0.0074986,-3.0976e-05,5.5643e-07,8.2748e-06,0.087553,3.0597e-07,1,0.1474,0,0.1474,0
-4.735e-06,0.0074985,-3.0902e-05,5.5976e-07,8.2878e-06,0.088307,3.0412e-07,1,0.1476,0,0.1476,0
-4.7588e-06,0.0074985,-3.0828e-05,5.6309e-07,8.3007e-06,0.089062,3.0227e-07,1,0.1478,0,0.1478,0
-4.7826e-06,0.0074985,-3.0754e-05,5.6642e-07,8.3137e-06,0.089816,3.0043e-07,1,0.148,0,0.148,0
-4.8064e-06,0.0074985,-3.068e-05,5.6975e-07,8.3267e-06,0.090571,2.9858e-07,1,0.1482,0,0.1482,0
-4.8302e-06,0.0074985,-3.0606e-05,5.7308e-07,8.3397e-06,0.091325,2.9673e-07,1,0.1484,0,0.1484,0
-4.854e-06,0.0074984,-3.0532e-05,5.7641e-07,8.3526e-06,0.092079,2.9488e-07,1,0.1486,0,0.1486,0
-4.9248e-06,0.0074984,-3.0404e-05,5.7019e-07,8.3803e-06,0.090554,2.9299e-07,1,0.1488,0,0.1488,0
-4.995e-06,0.0074984,-3.0277e-05,5.6408e-07,8.4078e-06,0.089058,2.9109e-07,1,0.149,0,0.149,0
-5.0652e-06,0.0074983,-3.015e-05,5.5798e-07,8.4353e-06,0.087561,2.8919e-07,1,0.1492,0,0.1492,0
-5.1354e-06,0.0074983,-3.0023e-05,5.5187e-07,8.4628e-06,0.086065,2.873e-07,1,0.1494,0,0.1494,0
-5.2055e-06,0.0074983,-2.9896e-05,5.4576e-07,8.4903e-06,0.084568,2.854e-07,1,0.1496,0,0.1496,0
-5.2757e-06,0.0074982,-2.9769e-05,5.3966e-07,8.5178e-06,0.083072,2.835e-07,1,0.1498,0,0.1498,0
-5.3459e-06,0.0074982,-2.9642e-05,5.3355e-07,8.5452e-06,0.081575,2.8161e-07,1,0.15,0,0.15,0
-5.4161e-06,0.0074982,-2.9515e-05,5.2744e-07,8.5727e-06,0.080079,2.7971e-07,1,0.1502,0,0.1502,0
-5.4863e-06,0.0074981,-2.9388e-05,5.2134e-07,8.6002e-06,0.078582,2.7782e-07,1,0.1504,0,0.1504,0
-5.5565e-06,0.0074981,-2.9261e-05,5.1523e-07,8.6277e-06,0.077086,2.7592e-07,1,0.1506,0,0.1506,0
-5.6266e-06,0.007498,-2.9134e-05,5.0912e-07,8.6552e-06,0.075589,2.7402e-07,1,0.1508,0,0.1508,0
-5.6968e-06,0.007498,-2.9007e-05,5.0302e-07,8.6827e-06,0.074093,2.7213e-07,1,0.151,0,0.151,0
-5.767e-06,0.007498,-2.888e-05,4.9691e-07,8.7102e-06,0.072597,2.7023e-07,1,0.1512,0,0.1512,0
-5.8372e-06,0.0074979,-2.8753e-05,4.9081e-07,8.7377e-06,0.0711,2.6833e-07,1,0.1514,0,0.1514,0
-5.9074e-06,0.0074979,-2.8626e-05,4.847e-07,8.7651e-06,0.069604,2.6644e-07,1,0.1516,0,0.1516,0
-5.9776e-06,0.0074979,-2.8499e-05,4.7859e-07,8.7926e-06,0.068107,2.6454e-07,1,0.1518,0,0.1518,0
-6.0477e-06,0.0074978,-2.8372e-05,4.7249e-07,8.8201e-06,0.066611,2.6265e-07,1,0.152,0,0.152,0
-6.1179e-06,0.0074978,-2.8245e-05,4.6638e-07,8.8476e-06,0.065114,2.6075e-07,1,0.1522,0,0.1522,0
-6.1881e-06,0.0074978,-2.8118e-05,4.6027e-07,8.8751e-06,0.063618,2.5885e-07,1,0.1524,0,0.1524,0
-6.2583e-06,0.0074977,-2.799e-05,4.5417e-07,8.9026e-06,0.062121,2.5696e-07,1,0.1526,0,0.1526,0
-6.3285e-06,0.0074977,-2.7863e-05,4.4806e-07,8.9301e-06,0.060625,2.5506e-07,1,0.1528,0,0.1528,0
-6.3986e-06,0.0074977,-2.7736e-05,4.4196e-07,8.9576e-06,0.059128,2.5316e-07,1,0.153,0,0.153,0
-6.4688e-06,0.0074976,-2.7609e-05,4.3585e-07,8.9851e-06,0.057632,2.5127e-07,1,0.1532,0,0.1532,0
-6.539e-06,0.0074976,-2.7482e-05,4.2974e-07,9.0125e-06,0.056135,2.4937e-07,1,0.1534,0,0.1534,0
-6.6092e-06,0.0074976,-2.7355e-05,4.2364e-07,9.04e-06,0.054639,2.4748e-07,1,0.1536,0,0.1536,0
-6.6861e-06,0.0074975,-2.7215e-05,4.1673e-07,9.0702e-06,0.052972,2.4552e-07,1,0.1538,0,0.1538,0
-6.7519e-06,0.0074973,-2.71e-05,4.1619e-07,9.0776e-06,0.052912,2.4361e-07,1,0.154,0,0.154,0
-6.8156e-06,0.0074971,-2.6989e-05,4.1597e-07,9.0843e-06,0.052937,2.4171e-07,1,0.1542,0,0.1542,0
-6.8657e-06,0.0074969,-2.6859e-05,4.1469e-07,9.0928e-06,0.052764,2.3975e-07,1,0.1544,0,0.1544,0
-6.9108e-06,0.0074966,-2.6722e-05,4.1302e-07,9.1021e-06,0.052515,2.3778e-07,1,0.1546,0,0.1546,0
-6.9558e-06,0.0074964,-2.6585e-05,4.1134e-07,9.1114e-06,0.052266,2.358e-07,1,0.1548,0,0.1548,0
-7.0008e-06,0.0074961,-2.6448e-05,4.0966e-07,9.1207e-06,0.052017,2.3383e-07,1,0.155,0,0.155,0
-7.0458e-06,0.0074958,-2.6311e-05,4.0798e-07,9.13e-06,0.051769,2.3185e-07,1,0.1552,0,0.1552,0
-7.0909e-06,0.0074956,-2.6174e-05,4.063e-07,9.1393e-06,0.05152,2.2988e-07,1,0.1554,0,0.1554,0
-7.1359e-06,0.0074953,-2.6037e-05,4.0462e-07,9.1486e-06,0.051271,2.279e-07,1,0.1556,0,0.1556,0
-7.1809e-06,0.007495,-2.59e-05,4.0295e-07,9.1579e-06,0.051022,2.2593e-07,1,0.1558,0,0.1558,0
-7.2259e-06,0.0074948,-2.5763e-05,4.0127e-07,9.1672e-06,0.050773,2.2395e-07,1,0.156,0,0.156,0
-7.2709e-06,0.0074945,-2.5626e-05,3.9959e-07,9.1766e-06,0.050524,2.2198e-07,1,0.1562,0,0.1562,0
-7.316e-06,0.0074943,-2.5489e-05,3.9791e-07,9.1859e-06,0.050275,2.2e-07,1,0.1564,0,0.1564,0
-7.361e-06,0.007494,-2.5352e-05,3.9623e-07,9.1952e-06,0.050026,2.1803e-07,1,0.1566,0,0.1566,0
-7.406e-06,0.0074937,-2.5215e-05,3.9456e-07,9.2045e-06,0.049777,2.1605e-07,1,0.1568,0,0.1568,0
-7.451e-06,0.0074935,-2.5078e-05,3.9288e-07,9.2138e-06,0.049528,2.1408e-07,1,0.157,0,0.157,0
-7.496e-06,0.0074932,-2.4941e-05,3.912e-07,9.2231e-06,0.049279,2.1211e-07,1,0.1572,0,0.1572,0
-7.5411e-06,0.0074929,-2.4804e-05,3.8952e-07,9.2324e-06,0.04903,2.1013e-07,1,0.1574,0,0.1574,0
-7.5861e-06,0.0074927,-2.4667e-05,3.8784e-07,9.2417e-06,0.048781,2.0816e-07,1,0.1576,0,0.1576,0
-7.6311e-06,0.0074924,-2.453e-05,3.8617e-07,9.251e-06,0.048532,2.0618e-07,1,0.1578,0,0.1578,0
-7.6761e-06,0.0074922,-2.4393e-05,3.8449e-07,9.2603e-06,0.048283,2.0421e-07,1,0.158,0,0.158,0
-7.7211e-06,0.0074919,-2.4256e-05,3.8281e-07,9.2696e-06,0.048035,2.0223e-07,1,0.1582,0,0.1582,0
-7.7662e-06,0.0074916,-2.4119e-05,3.8113e-07,9.2789e-06,0.047786,2.0026e-07,1,0.1584,0,0.1584,0
-7.8112e-06,0.0074914,-2.3982e-05,3.7945e-07,9.2882e-06,0.047537,1.9828e-07,1,0.1586,0,0.1586,0
-7.8562e-06,0.0074911,-2.3845e-05,3.7777e-07,9.2975e-06,0.047288,1.9631e-07,1,0.1588,0,0.1588,0
-7.9012e-06,0.0074908,-2.3708e-05,3.761e-07,9.3068e-06,0.047039,1.9433e-07,1,0.159,0,0.159,0
-7.9617e-06,0.0074905,-2.3582e-05,3.7332e-07,9.3382e-06,0.046419,1.9298e-07,1,0.1592,0,0.1592,0
-8.0246e-06,0.0074901,-2.3458e-05,3.7038e-07,9.3732e-06,0.045741,1.9172e-07,1,0.1594,0,0.1594,0
-8.0875e-06,0.0074898,-2.3334e-05,3.6743e-07,9.4081e-06,0.045064,1.9046e-07,1,0.1596,0,0.1596,0
-8.1591e-06,0.0074895,-2.3227e-05,3.6478e-07,9.4471e-06,0.044428,1.8916e-07,1,0.1598,0,0.1598,0
-8.2513e-06,0.0074895,-2.316e-05,3.6283e-07,9.4959e-06,0.043893,1.8776e-07,1,0.16,0,0.16,0
-8.3436e-06,0.0074895,-2.3092e-05,3.6089e-07,9.5447e-06,0.043359,1.8636e-07,1,0.1602,0,0.1602,0
-8.4359e-06,0.0074895,-2.3024e-05,3.5895e-07,9.5935e-06,0.042824,1.8496e-07,1,0.1604,0,0.1604,0
-8.5281e-06,0.0074895,-2.2956e-05,3.57e-07,9.6423e-06,0.04229,1.8356e-07,1,0.1606,0,0.1606,0
-8.6204e-06,0.0074895,-2.2889e-05,3.5506e-07,9.6911e-06,0.041755,1.8217e-07,1,0.1608,0,0.1608,0
-8.7127e-06,0.0074895,-2.2821e-05,3.5311e-07,9.74e-06,0.041221,1.8077e-07,1,0.161,0,0.161,0
-8.8049e-06,0.0074895,-2.2753e-05,3.5117e-07,9.7888e-06,0.040686,1.7937e-07,1,0.1612,0,0.1612,0
-8.8972e-06,0.0074895,-2.2686e-05,3.4923e-07,9.8376e-06,0.040152,1.7797e-07,1,0.1614,0,0.1614,0
-8.9895e-06,0.0074895,-2.2618e-05,3.4728e-07,9.8864e-06,0.039617,1.7657e-07,1,0.1616,0,0.1616,0
-9.0676e-06,0.0074893,-2.2529e-05,3.4538e-07,9.9253e-06,0.039144,1.7511e-07,1,0.1618,0,0.1618,0
-9.1437e-06,0.007489,-2.2437e-05,3.4348e-07,9.9629e-06,0.038678,1.7364e-07,1,0.162,0,0.162,0
-9.2199e-06,0.0074888,-2.2345e-05,3.4158e-07,1.0001e-05,0.038213,1.7217e-07,1,0.1622,0,0.1622,0
-9.2961e-06,0.0074885,-2.2253e-05,3.3969e-07,1.0038e-05,0.037747,1.707e-07,1,0.1624,0,0.1624,0
-9.3358e-06,0.0074881,-2.2134e-05,3.3758e-07,1.007e-05,0.037321,1.6907e-07,1,0.1626,0,0.1626,0
-9.3422e-06,0.0074875,-2.199e-05,3.3529e-07,1.0097e-05,0.036929,1.6732e-07,1,0.1628,0,0.1628,0
-9.3486e-06,0.0074869,-2.1847e-05,3.33e-07,1.0123e-05,0.036537,1.6556e-07,1,0.163,0,0.163,0
-9.355e-06,0.0074863,-2.1703e-05,3.307e-07,1.015e-05,0.036145,1.638e-07,1,0.1632,0,0.1632,0
-9.3614e-06,0.0074857,-2.156e-05,3.2841e-07,1.0176e-05,0.035754,1.6204e-07,1,0.1634,0,0.1634,0
-9.3678e-06,0.0074851,-2.1416e-05,3.2611e-07,1.0203e-05,0.035362,1.6028e-07,1,0.1636,0,0.1636,0
-9.3743e-06,0.0074845,-2.1273e-05,3.2382e-07,1.023e-05,0.03497,1.5852e-07,1,0.1638,0,0.1638,0
-9.3807e-06,0.0074839,-2.1129e-05,3.2153e-07,1.0256e-05,0.034579,1.5676e-07,1,0.164,0,0.164,0
-9.3871e-06,0.0074833,-2.0986e-05,3.1923e-07,1.0283e-05,0.034187,1.5501e-07,1,0.1642,0,0.1642,0
-9.3935e-06,0.0074827,-2.0842e-05,3.1694e-07,1.0309e-05,0.033795,1.5325e-07,1,0.1644,0,0.1644,0
-9.3999e-06,0.0074821,-2.0698e-05,3.1464e-07,1.0336e-05,0.033404,1.5149e-07,1,0.1646,0,0.1646,0
-9.4063e-06,0.0074815,-2.0555e-05,3.1235e-07,1.0363e-05,0.033012,1.4973e-07,1,0.1648,0,0.1648,0
-9.427e-06,0.0074812,-2.0477e-05,3.1057e-07,1.0407e-05,0.03259,1.4822e-07,1,0.165,0,0.165,0
-9.4609e-06,0.0074812,-2.046e-05,3.0925e-07,1.0467e-05,0.032138,1.4693e-07,1,0.1652,0,0.1652,0
-9.4949e-06,0.0074811,-2.0443e-05,3.0794e-07,1.0527e-05,0.031687,1.4565e-07,1,0.1654,0,0.1654,0
-9.5288e-06,0.0074811,-2.0426e-05,3.0663e-07,1.0588e-05,0.031236,1.4437e-07,1,0.1656,0,0.1656,0
-9.5628e-06,0.0074811,-2.0409e-05,3.0532e-07,1.0648e-05,0.030785,1.4309e-07,1,0.1658,0,0.1658,0
-9.5967e-06,0.007481,-2.0392e-05,3.0401e-07,1.0708e-05,0.030334,1.418e-07,1,0.166,0,0.166,0
-9.6307e-06,0.007481,-2.0375e-05,3.027e-07,1.0769e-05,0.029883,1.4052e-07,1,0.1662,0,0.1662,0
-9.6646e-06,0.007481,-2.0358e-05,3.0138e-07,1.0829e-05,0.029432,1.3924e-07,1,0.1664,0,0.1664,0
-9.6986e-06,0.0074809,-2.0341e-05,3.0007e-07,1.0889e-05,0.028981,1.3796e-07,1,0.1666,0,0.1666,0
-9.7325e-06,0.0074809,-2.0324e-05,2.9876e-07,1.0949e-05,0.02853,1.3667e-07,1,0.1668,0,0.1668,0
-9.7665e-06,0.0074809,-2.0307e-05,2.9745e-07,1.101e-05,0.028079,1.3539e-07,1,0.167,0,0.167,0
-9.8004e-06,0.0074808,-2.029e-05,2.9614e-07,1.107e-05,0.027627,1.3411e-07,1,0.1672,0,0.1672,0
-9.8344e-06,0.0074808,-2.0273e-05,2.9483e-07,1.113e-05,0.027176,1.3282e-07,1,0.1674,0,0.1674,0
-9.8345e-06,0.0074806,-2.0238e-05,2.9415e-07,1.1163e-05,0.026978,1.3132e-07,1,0.1676,0,0.1676,0
-9.8169e-06,0.0074802,-2.0194e-05,2.9381e-07,1.118e-05,0.026913,1.2971e-07,1,0.1678,0,0.1678,0
-9.7993e-06,0.0074799,-2.015e-05,2.9347e-07,1.1197e-05,0.026848,1.2809e-07,1,0.168,0,0.168,0
-9.7817e-06,0.0074795,-2.0106e-05,2.9313e-07,1.1215e-05,0.026783,1.2648e-07,1,0.1682,0,0.1682,0
-9.7641e-06,0.0074792,-2.0062e-05,2.9279e-07,1.1232e-05,0.026717,1.2486e-07,1,0.1684,0,0.1684,0
-9.7465e-06,0.0074789,-2.0018e-05,2.9245e-07,1.125e-05,0.026652,1.2324e-07,1,0.1686,0,0.1686,0
-9.7289e-06,0.0074785,-1.9974e-05,2.9211e-07,1.1267e-05,0.026587,1.2163e-07,1,0.1688,0,0.1688,0
-9.712e-06,0.0074781,-1.9923e-05,2.9174e-07,1.1283e-05,0.026518,1.1999e-07,1,0.169,0,0.169,0
-9.6964e-06,0.0074777,-1.9861e-05,2.9131e-07,1.1299e-05,0.026443,1.1831e-07,1,0.1692,0,0.1692,0
-9.6808e-06,0.0074772,-1.9799e-05,2.9089e-07,1.1314e-05,0.026368,1.1663e-07,1,0.1694,0,0.1694,0
-9.6652e-06,0.0074767,-1.9737e-05,2.9046e-07,1.1329e-05,0.026293,1.1496e-07,1,0.1696,0,0.1696,0
-9.6766e-06,0.0074765,-1.9733e-05,2.9006e-07,1.1374e-05,0.026163,1.1344e-07,1,0.1698,0,0.1698,0
-9.7153e-06,0.0074762,-1.9713e-05,2.8968e-07,1.1415e-05,0.026044,1.1201e-07,1,0.17,0,0.17,0
-9.777e-06,0.0074758,-1.9675e-05,2.8931e-07,1.1448e-05,0.025939,1.1065e-07,1,0.1702,0,0.1702,0
-9.8387e-06,0.0074755,-1.9637e-05,2.8895e-07,1.1481e-05,0.025835,1.0929e-07,1,0.1704,0,0.1704,0
-9.9004e-06,0.0074752,-1.9598e-05,2.8859e-07,1.1515e-05,0.02573,1.0793e-07,1,0.1706,0,0.1706,0
-9.9621e-06,0.0074748,-1.956e-05,2.8822e-07,1.1548e-05,0.025625,1.0657e-07,1,0.1708,0,0.1708,0
-1.0024e-05,0.0074745,-1.9522e-05,2.8786e-07,1.1582e-05,0.02552,1.0521e-07,1,0.171,0,0.171,0
-1.0085e-05,0.0074741,-1.9483e-05,2.875e-07,1.1615e-05,0.025416,1.0385e-07,1,0.1712,0,0.1712,0
-1.0147e-05,0.0074738,-1.9445e-05,2.8713e-07,1.1648e-05,0.025311,1.0249e-07,1,0.1714,0,0.1714,0
-1.0209e-05,0.0074735,-1.9407e-05,2.8677e-07,1.1682e-05,0.025206,1.0112e-07,1,0.1716,0,0.1716,0
-1.0271e-05,0.0074731,-1.9369e-05,2.8641e-07,1.1715e-05,0.025102,9.9763e-08,1,0.1718,0,0.1718,0
-1.0332e-05,0.0074728,-1.933e-05,2.8604e-07,1.1748e-05,0.024997,9.8402e-08,1,0.172,0,0.172,0
-1.0394e-05,0.0074724,-1.9292e-05,2.8568e-07,1.1782e-05,0.024892,9.7041e-08,1,0.1722,0,0.1722,0
-1.0457e-05,0.0074719,-1.9209e-05,2.8572e-07,1.1778e-05,0.024985,9.5734e-08,1,0.1724,0,0.1724,0
-1.052e-05,0.0074714,-1.9126e-05,2.8576e-07,1.1773e-05,0.025081,9.4428e-08,1,0.1726,0,0.1726,0
-1.0583e-05,0.0074709,-1.9042e-05,2.8581e-07,1.1768e-05,0.025178,9.3122e-08,1,0.1728,0,0.1728,0
-1.0646e-05,0.0074703,-1.8958e-05,2.8585e-07,1.1763e-05,0.025275,9.1817e-08,1,0.173,0,0.173,0
-1.0709e-05,0.0074698,-1.8874e-05,2.859e-07,1.1758e-05,0.025372,9.0511e-08,1,0.1732,0,0.1732,0
-1.0772e-05,0.0074693,-1.8791e-05,2.8595e-07,1.1753e-05,0.025469,8.9205e-08,1,0.1734,0,0.1734,0
-1.0835e-05,0.0074688,-1.8707e-05,2.8599e-07,1.1748e-05,0.025566,8.7899e-08,1,0.1736,0,0.1736,0
-1.0898e-05,0.0074682,-1.8623e-05,2.8604e-07,1.1743e-05,0.025663,8.6593e-08,1,0.1738,0,0.1738,0
-1.0961e-05,0.0074677,-1.8539e-05,2.8608e-07,1.1738e-05,0.025759,8.5288e-08,1,0.174,0,0.174,0
-1.1024e-05,0.0074672,-1.8456e-05,2.8613e-07,1.1733e-05,0.025856,8.3982e-08,1,0.1742,0,0.1742,0
-1.109e-05,0.0074667,-1.8402e-05,2.8588e-07,1.1747e-05,0.025827,8.2708e-08,1,0.1744,0,0.1744,0
-1.1169e-05,0.0074664,-1.8464e-05,2.845e-07,1.1832e-05,0.025323,8.1553e-08,1,0.1746,0,0.1746,0
-1.1247e-05,0.0074661,-1.8526e-05,2.8312e-07,1.1918e-05,0.02482,8.0398e-08,1,0.1748,0,0.1748,0
-1.1326e-05,0.0074658,-1.8589e-05,2.8174e-07,1.2003e-05,0.024316,7.9243e-08,1,0.175,0,0.175,0
-1.1405e-05,0.0074655,-1.8651e-05,2.8037e-07,1.2089e-05,0.023812,7.8089e-08,1,0.1752,0,0.1752,0
-1.1483e-05,0.0074651,-1.8713e-05,2.7899e-07,1.2174e-05,0.023308,7.6934e-08,1,0.1754,0,0.1754,0
-1.1522e-05,0.007465,-1.8769e-05,2.7818e-07,1.2246e-05,0.023006,7.5955e-08,1,0.1756,0,0.1756,0
-1.1534e-05,0.007465,-1.8821e-05,2.7777e-07,1.2307e-05,0.02284,7.5094e-08,1,0.1758,0,0.1758,0
-1.1546e-05,0.007465,-1.8873e-05,2.7735e-07,1.2369e-05,0.022675,7.4234e-08,1,0.176,0,0.176,0
-1.1558e-05,0.007465,-1.8925e-05,2.7693e-07,1.2431e-05,0.02251,7.3374e-08,1,0.1762,0,0.1762,0
-1.157e-05,0.0074649,-1.8976e-05,2.7651e-07,1.2492e-05,0.022345,7.2513e-08,1,0.1764,0,0.1764,0
-1.1582e-05,0.0074649,-1.9028e-05,2.7609e-07,1.2554e-05,0.022179,7.1653e-08,1,0.1766,0,0.1766,0
-1.1594e-05,0.0074649,-1.908e-05,2.7568e-07,1.2616e-05,0.022014,7.0792e-08,1,0.1768,0,0.1768,0
-1.1606e-05,0.0074649,-1.9132e-05,2.7526e-07,1.2677e-05,0.021849,6.9932e-08,1,0.177,0,0.177,0
-1.1617e-05,0.0074648,-1.9181e-05,2.7488e-07,1.2733e-05,0.021701,6.9046e-08,1,0.1772,0,0.1772,0
-1.1627e-05,0.0074646,-1.9211e-05,2.7468e-07,1.2762e-05,0.021639,6.804e-08,1,0.1774,0,0.1774,0
-1.1636e-05,0.0074644,-1.9241e-05,2.7448e-07,1.2791e-05,0.021576,6.7034e-08,1,0.1776,0,0.1776,0
-1.1646e-05,0.0074642,-1.9272e-05,2.7427e-07,1.2819e-05,0.021514,6.6028e-08,1,0.1778,0,0.1778,0
-1.1656e-05,0.007464,-1.9302e-05,2.7407e-07,1.2848e-05,0.021452,6.5022e-08,1,0.178,0,0.178,0
-1.1665e-05,0.0074638,-1.9333e-05,2.7387e-07,1.2877e-05,0.021389,6.4016e-08,1,0.1782,0,0.1782,0
-1.1675e-05,0.0074636,-1.9363e-05,2.7367e-07,1.2905e-05,0.021327,6.301e-08,1,0.1784,0,0.1784,0
-1.1685e-05,0.0074634,-1.9393e-05,2.7347e-07,1.2934e-05,0.021264,6.2004e-08,1,0.1786,0,0.1786,0
-1.1707e-05,0.0074631,-1.9414e-05,2.7328e-07,1.2961e-05,0.021206,6.0824e-08,1,0.1788,0,0.1788,0
-1.1737e-05,0.0074628,-1.9428e-05,2.7309e-07,1.2986e-05,0.021149,5.9538e-08,1,0.179,0,0.179,0
-1.1766e-05,0.0074626,-1.9443e-05,2.7291e-07,1.3012e-05,0.021093,5.8252e-08,1,0.1792,0,0.1792,0
-1.1796e-05,0.0074623,-1.9457e-05,2.7273e-07,1.3038e-05,0.021036,5.6966e-08,1,0.1794,0,0.1794,0
-1.1825e-05,0.007462,-1.9455e-05,2.7261e-07,1.3046e-05,0.02101,5.5838e-08,1,0.1796,0,0.1796,0
-1.1853e-05,0.0074616,-1.9447e-05,2.725e-07,1.3049e-05,0.020993,5.4759e-08,1,0.1798,0,0.1798,0
-1.1882e-05,0.0074613,-1.9439e-05,2.724e-07,1.3052e-05,0.020976,5.368e-08,1,0.18,0,0.18,0
-1.1898e-05,0.0074609,-1.9424e-05,2.7233e-07,1.3044e-05,0.020979,5.258e-08,1,0.1802,0,0.1802,0
-1.1912e-05,0.0074606,-1.9408e-05,2.7226e-07,1.3034e-05,0.020985,5.1475e-08,1,0.1804,0,0.1804,0
-1.1926e-05,0.0074602,-1.9391e-05,2.722e-07,1.3025e-05,0.020991,5.0371e-08,1,0.1806,0,0.1806,0
-1.194e-05,0.0074598,-1.9375e-05,2.7214e-07,1.3015e-05,0.020997,4.9267e-08,1,0.1808,0,0.1808,0
-1.1954e-05,0.0074595,-1.9358e-05,2.7207e-07,1.3005e-05,0.021004,4.8162e-08,1,0.181,0,0.181,0
-1.1968e-05,0.0074591,-1.9341e-05,2.7201e-07,1.2996e-05,0.02101,4.7058e-08,1,0.1812,0,0.1812,0
-1.1982e-05,0.0074588,-1.9325e-05,2.7194e-07,1.2986e-05,0.021016,4.5954e-08,1,0.1814,0,0.1814,0
-1.1996e-05,0.0074584,-1.9308e-05,2.7188e-07,1.2976e-05,0.021022,4.485e-08,1,0.1816,0,0.1816,0
-1.201e-05,0.007458,-1.9292e-05,2.7182e-07,1.2966e-05,0.021028,4.3745e-08,1,0.1818,0,0.1818,0
-1.2026e-05,0.0074576,-1.9271e-05,2.7177e-07,1.2951e-05,0.021053,4.2536e-08,1,0.182,0,0.182,0
-1.2044e-05,0.007457,-1.9247e-05,2.7175e-07,1.2932e-05,0.021091,4.1249e-08,1,0.1822,0,0.1822,0
-1.2062e-05,0.0074564,-1.9223e-05,2.7172e-07,1.2913e-05,0.021129,3.9962e-08,1,0.1824,0,0.1824,0
-1.208e-05,0.0074558,-1.9198e-05,2.7169e-07,1.2894e-05,0.021167,3.8674e-08,1,0.1826,0,0.1826,0
-1.2098e-05,0.0074553,-1.9174e-05,2.7167e-07,1.2875e-05,0.021205,3.7387e-08,1,0.1828,0,0.1828,0
-1.2116e-05,0.0074547,-1.915e-05,2.7164e-07,1.2856e-05,0.021243,3.61e-08,1,0.183,0,0.183,0
-1.2133e-05,0.0074541,-1.9126e-05,2.7161e-07,1.2837e-05,0.021282,3.4813e-08,1,0.1832,0,0.1832,0
-1.2151e-05,0.0074535,-1.9102e-05,2.7158e-07,1.2818e-05,0.02132,3.3525e-08,1,0.1834,0,0.1834,0
-1.2169e-05,0.007453,-1.9078e-05,2.7156e-07,1.28e-05,0.021358,3.2238e-08,1,0.1836,0,0.1836,0
-1.2162e-05,0.0074527,-1.9046e-05,2.7154e-07,1.2791e-05,0.021385,3.1348e-08,1,0.1838,0,0.1838,0
-1.2141e-05,0.0074526,-1.9011e-05,2.7154e-07,1.2789e-05,0.021406,3.0668e-08,1,0.184,0,0.184,0
-1.212e-05,0.0074524,-1.8976e-05,2.7153e-07,1.2786e-05,0.021427,2.9987e-08,1,0.1842,0,0.1842,0
-1.2099e-05,0.0074523,-1.8941e-05,2.7153e-07,1.2783e-05,0.021449,2.9307e-08,1,0.1844,0,0.1844,0
-1.2078e-05,0.0074522,-1.8906e-05,2.7152e-07,1.2781e-05,0.02147,2.8627e-08,1,0.1846,0,0.1846,0
-1.2057e-05,0.0074521,-1.8871e-05,2.7152e-07,1.2778e-05,0.021491,2.7946e-08,1,0.1848,0,0.1848,0
-1.2036e-05,0.0074519,-1.8836e-05,2.7151e-07,1.2775e-05,0.021513,2.7266e-08,1,0.185,0,0.185,0
-1.2016e-05,0.0074518,-1.88e-05,2.7151e-07,1.2773e-05,0.021534,2.6586e-08,1,0.1852,0,0.1852,0
-1.1995e-05,0.0074517,-1.8765e-05,2.715e-07,1.277e-05,0.021555,2.5905e-08,1,0.1854,0,0.1854,0
-1.1974e-05,0.0074516,-1.873e-05,2.715e-07,1.2768e-05,0.021577,2.5225e-08,1,0.1856,0,0.1856,0
-1.1954e-05,0.0074514,-1.875e-05,2.7129e-07,1.2785e-05,0.021509,2.4369e-08,1,0.1858,0,0.1858,0
-1.1936e-05,0.0074512,-1.879e-05,2.7101e-07,1.2809e-05,0.021409,2.345e-08,1,0.186,0,0.186,0
-1.1917e-05,0.0074511,-1.883e-05,2.7073e-07,1.2834e-05,0.02131,2.2531e-08,1,0.1862,0,0.1862,0
-1.1899e-05,0.0074509,-1.8869e-05,2.7046e-07,1.2858e-05,0.02121,2.1612e-08,1,0.1864,0,0.1864,0
-1.188e-05,0.0074507,-1.8909e-05,2.7018e-07,1.2882e-05,0.02111,2.0693e-08,1,0.1866,0,0.1866,0
-1.1862e-05,0.0074506,-1.8949e-05,2.699e-07,1.2907e-05,0.021011,1.9773e-08,1,0.1868,0,0.1868,0
-1.1843e-05,0.0074504,-1.8989e-05,2.6962e-07,1.2931e-05,0.020911,1.8854e-08,1,0.187,0,0.187,0
-1.1824e-05,0.0074502,-1.9029e-05,2.6935e-07,1.2955e-05,0.020811,1.7935e-08,1,0.1872,0,0.1872,0
-1.1806e-05,0.0074501,-1.9069e-05,2.6907e-07,1.298e-05,0.020712,1.7016e-08,1,0.1874,0,0.1874,0
-1.1781e-05,0.0074497,-1.9054e-05,2.6893e-07,1.2984e-05,0.020685,1.5936e-08,1,0.1876,0,0.1876,0
-1.1756e-05,0.0074493,-1.9037e-05,2.688e-07,1.2986e-05,0.020664,1.4846e-08,1,0.1878,0,0.1878,0
-1.1731e-05,0.0074489,-1.9019e-05,2.6867e-07,1.2989e-05,0.020643,1.3756e-08,1,0.188,0,0.188,0
-1.1705e-05,0.0074486,-1.9001e-05,2.6854e-07,1.2991e-05,0.020622,1.2665e-08,1,0.1882,0,0.1882,0
-1.168e-05,0.0074482,-1.8983e-05,2.6841e-07,1.2994e-05,0.020601,1.1575e-08,1,0.1884,0,0.1884,0
-1.1655e-05,0.0074478,-1.8965e-05,2.6828e-07,1.2997e-05,0.02058,1.0485e-08,1,0.1886,0,0.1886,0
-1.163e-05,0.0074474,-1.8947e-05,2.6815e-07,1.2999e-05,0.020559,9.3945e-09,1,0.1888,0,0.1888,0
-1.1604e-05,0.0074471,-1.8929e-05,2.6802e-07,1.3001e-05,0.020539,8.3125e-09,1,0.189,0,0.189,0
-1.1548e-05,0.0074469,-1.8893e-05,2.6799e-07,1.2993e-05,0.020551,7.4812e-09,1,0.1892,0,0.1892,0
-1.15e-05,0.0074468,-1.8856e-05,2.6797e-07,1.2984e-05,0.020566,6.7125e-09,1,0.1894,0,0.1894,0
-1.147e-05,0.0074466,-1.8818e-05,2.6796e-07,1.2973e-05,0.020586,6.068e-09,1,0.1896,0,0.1896,0
-1.1439e-05,0.0074465,-1.878e-05,2.6795e-07,1.2961e-05,0.020606,5.4235e-09,1,0.1898,0,0.1898,0
-1.1409e-05,0.0074463,-1.8742e-05,2.6794e-07,1.295e-05,0.020626,4.7791e-09,1,0.19,0,0.19,0
-1.1378e-05,0.0074462,-1.8704e-05,2.6793e-07,1.2939e-05,0.020646,4.1346e-09,1,0.1902,0,0.1902,0
-1.1347e-05,0.007446,-1.8666e-05,2.6792e-07,1.2928e-05,0.020665,3.4901e-09,1,0.1904,0,0.1904,0
-1.1317e-05,0.0074458,-1.8628e-05,2.6791e-07,1.2917e-05,0.020685,2.8456e-09,1,0.1906,0,0.1906,0
-1.1286e-05,0.0074457,-1.859e-05,2.6791e-07,1.2906e-05,0.020705,2.2012e-09,1,0.1908,0,0.1908,0
-1.1256e-05,0.0074455,-1.8552e-05,2.679e-07,1.2894e-05,0.020725,1.5567e-09,1,0.191,0,0.191,0
-1.1225e-05,0.0074454,-1.8514e-05,2.6789e-07,1.2883e-05,0.020745,9.1223e-10,1,0.1912,0,0.1912,0
-1.1194e-05,0.0074452,-1.8476e-05,2.6788e-07,1.2872e-05,0.020765,2.6775e-10,1,0.1914,0,0.1914,0
-1.1164e-05,0.007445,-1.8438e-05,2.6787e-07,1.2861e-05,0.020785,-3.7673e-10,1,0.1916,0,0.1916,0
-1.1133e-05,0.0074449,-1.84e-05,2.6786e-07,1.285e-05,0.020805,-1.0212e-09,1,0.1918,0,0.1918,0
-1.1103e-05,0.0074447,-1.8363e-05,2.6785e-07,1.2838e-05,0.020825,-1.6656e-09,1,0.192,0,0.192,0
-1.1072e-05,0.0074446,-1.8325e-05,2.6785e-07,1.2827e-05,0.020845,-2.3101e-09,1,0.1922,0,0.1922,0
-1.1041e-05,0.0074444,-1.8287e-05,2.6784e-07,1.2816e-05,0.020865,-2.9546e-09,1,0.1924,0,0.1924,0
-1.1011e-05,0.0074442,-1.8249e-05,2.6783e-07,1.2805e-05,0.020885,-3.599e-09,1,0.1926,0,0.1926,0
-1.102e-05,0.0074439,-1.8218e-05,2.6782e-07,1.278e-05,0.02092,-4.297e-09,1,0.1928,0,0.1928,0
-1.103e-05,0.0074436,-1.8188e-05,2.6781e-07,1.2755e-05,0.020956,-4.9957e-09,1,0.193,0,0.193,0
-1.1039e-05,0.0074433,-1.8158e-05,2.6781e-07,1.273e-05,0.020991,-5.6945e-09,1,0.1932,0,0.1932,0
-1.1049e-05,0.007443,-1.8128e-05,2.678e-07,1.2705e-05,0.021027,-6.3933e-09,1,0.1934,0,0.1934,0
-1.1059e-05,0.0074427,-1.8098e-05,2.6779e-07,1.268e-05,0.021062,-7.0921e-09,1,0.1936,0,0.1936,0
-1.1068e-05,0.0074423,-1.8068e-05,2.6778e-07,1.2655e-05,0.021098,-7.7909e-09,1,0.1938,0,0.1938,0
-1.1078e-05,0.007442,-1.8037e-05,2.6778e-07,1.263e-05,0.021133,-8.4897e-09,1,0.194,0,0.194,0
-1.1088e-05,0.0074417,-1.8007e-05,2.6777e-07,1.2605e-05,0.021169,-9.1885e-09,1,0.1942,0,0.1942,0
-1.1097e-05,0.0074414,-1.7977e-05,2.6776e-07,1.258e-05,0.021205,-9.8872e-09,1,0.1944,0,0.1944,0
-1.1107e-05,0.0074411,-1.7947e-05,2.6776e-07,1.2555e-05,0.02124,-1.0586e-08,1,0.1946,0,0.1946,0
-1.1075e-05,0.0074409,-1.7915e-05,2.6775e-07,1.2541e-05,0.02126,-1.0433e-08,1,0.1948,0,0.1948,0
-1.103e-05,0.0074407,-1.7882e-05,2.6775e-07,1.253e-05,0.021274,-1.002e-08,1,0.195,0,0.195,0
-1.0985e-05,0.0074405,-1.7849e-05,2.6774e-07,1.2519e-05,0.021289,-9.6085e-09,1,0.1952,0,0.1952,0
-1.094e-05,0.0074403,-1.7816e-05,2.6774e-07,1.2508e-05,0.021303,-9.1965e-09,1,0.1954,0,0.1954,0
-1.0895e-05,0.0074402,-1.7783e-05,2.6773e-07,1.2497e-05,0.021318,-8.7844e-09,1,0.1956,0,0.1956,0
-1.0851e-05,0.00744,-1.775e-05,2.6773e-07,1.2486e-05,0.021332,-8.3724e-09,1,0.1958,0,0.1958,0
-1.0806e-05,0.0074398,-1.7717e-05,2.6772e-07,1.2475e-05,0.021347,-7.9604e-09,1,0.196,0,0.196,0
-1.0761e-05,0.0074396,-1.7684e-05,2.6772e-07,1.2464e-05,0.021362,-7.5484e-09,1,0.1962,0,0.1962,0
-1.0716e-05,0.0074395,-1.7651e-05,2.6771e-07,1.2454e-05,0.021376,-7.1364e-09,1,0.1964,0,0.1964,0
-1.0671e-05,0.0074393,-1.7618e-05,2.6771e-07,1.2443e-05,0.021391,-6.7243e-09,1,0.1966,0,0.1966,0
-1.0626e-05,0.0074391,-1.7585e-05,2.677e-07,1.2432e-05,0.021405,-6.3123e-09,1,0.1968,0,0.1968,0
-1.0575e-05,0.007439,-1.7562e-05,2.6768e-07,1.2423e-05,0.021417,-5.907e-09,1,0.197,0,0.197,0
-1.0517e-05,0.0074388,-1.7552e-05,2.6763e-07,1.2418e-05,0.021425,-5.5097e-09,1,0.1972,0,0.1972,0
-1.0458e-05,0.0074387,-1.7542e-05,2.6758e-07,1.2413e-05,0.021433,-5.1125e-09,1,0.1974,0,0.1974,0
-1.0399e-05,0.0074386,-1.7532e-05,2.6754e-07,1.2407e-05,0.02144,-4.7152e-09,1,0.1976,0,0.1976,0
-1.034e-05,0.0074385,-1.7522e-05,2.6749e-07,1.2402e-05,0.021448,-4.318e-09,1,0.1978,0,0.1978,0
-1.0282e-05,0.0074384,-1.7512e-05,2.6745e-07,1.2397e-05,0.021456,-3.9208e-09,1,0.198,0,0.198,0
-1.0223e-05,0.0074383,-1.7502e-05,2.674e-07,1.2391e-05,0.021464,-3.5235e-09,1,0.1982,0,0.1982,0
-1.0164e-05,0.0074382,-1.7492e-05,2.6735e-07,1.2386e-05,0.021471,-3.1263e-09,1,0.1984,0,0.1984,0
-1.0105e-05,0.007438,-1.7482e-05,2.6731e-07,1.2381e-05,0.021479,-2.729e-09,1,0.1986,0,0.1986,0
-1.0047e-05,0.0074379,-1.7472e-05,2.6726e-07,1.2376e-05,0.021487,-2.3318e-09,1,0.1988,0,0.1988,0
-9.988e-06,0.0074378,-1.7462e-05,2.6721e-07,1.237e-05,0.021495,-1.9345e-09,1,0.199,0,0.199,0
-9.9293e-06,0.0074377,-1.7452e-05,2.6717e-07,1.2365e-05,0.021503,-1.5373e-09,1,0.1992,0,0.1992,0
-9.8706e-06,0.0074376,-1.7442e-05,2.6712e-07,1.236e-05,0.02151,-1.14e-09,1,0.1994,0,0.1994,0
-9.8119e-06,0.0074375,-1.7432e-05,2.6707e-07,1.2354e-05,0.021518,-7.4283e-10,1,0.1996,0,0.1996,0
-9.7509e-06,0.0074373,-1.7422e-05,2.6702e-07,1.2348e-05,0.021527,-3.6848e-10,1,0.1998,0,0.1998,0
-9.6894e-06,0.0074372,-1.7412e-05,2.6697e-07,1.2342e-05,0.021535,0,1,0.2,0,0.2,0
